dataset,split,group,image,original_split
dataset_2,train,498d5967-IMG_20220927_111217,/Users/avnisingh/delhivery-pallet-pose/data/raw/dataset_2/train/images/498d5967-IMG_20220927_111217_jpg.rf.14b2d9c083ee6640f0f93c735455d1ff.jpg,train
dataset_2,train,410d7782-test_image_81,/Users/avnisingh/delhivery-pallet-pose/data/raw/dataset_2/train/images/410d7782-test_image_81_flipped_jpg.rf.7ff11697457bf8797d020b4da160f852.jpg,train
dataset_2,train,1c79cb9f-test_image_13,/Users/avnisingh/delhivery-pallet-pose/data/raw/dataset_2/train/images/1c79cb9f-test_image_13_flipped_jpg.rf.777efd161c7779574965d8424d685a64.jpg,train
dataset_2,train,1ec7ea58-IMG_20220927_110922,/Users/avnisingh/delhivery-pallet-pose/data/raw/dataset_2/train/images/1ec7ea58-IMG_20220927_110922_jpg.rf.c2a9a08ce358a90a7cc79a01eb6650a0.jpg,train
dataset_2,test,7e48ec3b-IMG_20220927_111521,/Users/avnisingh/delhivery-pallet-pose/data/raw/dataset_2/train/images/7e48ec3b-IMG_20220927_111521_flipped_jpg.rf.69ab411e9048abea43c9a937723efdf6.jpg,train
dataset_2,train,41748482-test_image_45,/Users/avnisingh/delhivery-pallet-pose/data/raw/dataset_2/train/images/41748482-test_image_45_flipped_jpg.rf.f3dff526f812226c5f557fef75917c82.jpg,train
dataset_2,test,train_4_640_aug_08,/Users/avnisingh/delhivery-pallet-pose/data/raw/dataset_2/train/images/train_4_640_aug_08_combined_2_jpg.rf.588e91464abaf001334fe32e4f12e05e.jpg,train
dataset_2,test,1728981481037,/Users/avnisingh/delhivery-pallet-pose/data/raw/dataset_2/train/images/1728981481037_jpg.rf.67a07f55c23315c05546bf9475cc5197.jpg,train
dataset_2,test,0a5faf0d-IMG_20220927_110918,/Users/avnisingh/delhivery-pallet-pose/data/raw/dataset_2/train/images/0a5faf0d-IMG_20220927_110918_jpg.rf.67ed7cb9398d09d2e304e0b660b4d460.jpg,train
dataset_2,train,7e5a4ccc-test_image_62,/Users/avnisingh/delhivery-pallet-pose/data/raw/dataset_2/train/images/7e5a4ccc-test_image_62_flipped_jpg.rf.d9590aec1be466ed309a6c628dd4fd3c.jpg,train
dataset_2,test,1000001794,/Users/avnisingh/delhivery-pallet-pose/data/raw/dataset_2/train/images/1000001794_jpg.rf.14ebd50e128f312d714bf7dc7a82b77c.jpg,train
dataset_2,test,e2ae9376-IMG_20220927_164824,/Users/avnisingh/delhivery-pallet-pose/data/raw/dataset_2/train/images/e2ae9376-IMG_20220927_164824_flipped_jpg.rf.68fe73a44da5b7a343037f7cbc8046d3.jpg,train
dataset_2,train,1728981481051,/Users/avnisingh/delhivery-pallet-pose/data/raw/dataset_2/train/images/1728981481051_jpg.rf.1b77215dcd6f8e125a66c61c7e47eaad.jpg,train
dataset_2,train,d791da1b-IMG_20220927_111058,/Users/avnisingh/delhivery-pallet-pose/data/raw/dataset_2/train/images/d791da1b-IMG_20220927_111058_flipped_jpg.rf.f12cc85e82fda615d74b729db93b448a.jpg,train
dataset_2,test,c3cb95e5-IMG_20220927_164851,/Users/avnisingh/delhivery-pallet-pose/data/raw/dataset_2/train/images/c3cb95e5-IMG_20220927_164851_jpg.rf.9d0c7d955b193efa82f9f39d2d53be4e.jpg,train
dataset_2,train,1729063780608,/Users/avnisingh/delhivery-pallet-pose/data/raw/dataset_2/train/images/1729063780608_jpg.rf.d3b11782f53af2b920d2a6f12a1d8d68.jpg,train
dataset_2,train,5715e792-test_image_11,/Users/avnisingh/delhivery-pallet-pose/data/raw/dataset_2/train/images/5715e792-test_image_11_jpg.rf.28efc1adc3f89251119cd331c166c732.jpg,train
dataset_2,train,1728981480960,/Users/avnisingh/delhivery-pallet-pose/data/raw/dataset_2/train/images/1728981480960_jpg.rf.0c8270c246c1b3ef77b3aec7df073a42.jpg,train
dataset_2,test,1729063780980,/Users/avnisingh/delhivery-pallet-pose/data/raw/dataset_2/train/images/1729063780980_jpg.rf.4e71b0c7cb2bfd69d203e749d0c95afc.jpg,train
dataset_2,train,f6246f1e-IMG_20220927_111704,/Users/avnisingh/delhivery-pallet-pose/data/raw/dataset_2/train/images/f6246f1e-IMG_20220927_111704_flipped_jpg.rf.73f6a386f78f85a7a7c0629b55d7bf5d.jpg,train
dataset_2,train,26a6c91e-IMG_20220927_111048,/Users/avnisingh/delhivery-pallet-pose/data/raw/dataset_2/train/images/26a6c91e-IMG_20220927_111048_flipped_jpg.rf.20b65638fd29294bdbdeb38714790539.jpg,train
dataset_2,train,1729063780486,/Users/avnisingh/delhivery-pallet-pose/data/raw/dataset_2/train/images/1729063780486_jpg.rf.4721440900cf745e7a8a7051e0bb47a0.jpg,train
dataset_2,test,1728981480946,/Users/avnisingh/delhivery-pallet-pose/data/raw/dataset_2/train/images/1728981480946_jpg.rf.537b7a370170bea54ee10553bd77e0a6.jpg,train
dataset_2,train,54e8b9e8-IMG_20220927_110835,/Users/avnisingh/delhivery-pallet-pose/data/raw/dataset_2/train/images/54e8b9e8-IMG_20220927_110835_flipped_jpg.rf.13a48bcbf2d8c717a0210688d7c6e92e.jpg,train
dataset_2,train,c27d437e-test_image_69,/Users/avnisingh/delhivery-pallet-pose/data/raw/dataset_2/train/images/c27d437e-test_image_69_jpg.rf.a6c5f97802f2f1959276fdd97ce5bb83.jpg,train
dataset_2,train,train_1_0_640,/Users/avnisingh/delhivery-pallet-pose/data/raw/dataset_2/train/images/train_1_0_640_jpg.rf.6a985acc15d7effab4942ca02392f875.jpg,train
dataset_2,train,81f4306c-IMG_20220927_110910,/Users/avnisingh/delhivery-pallet-pose/data/raw/dataset_2/train/images/81f4306c-IMG_20220927_110910_flipped_jpg.rf.9eb0f9e70ea3bea1e3f3d9768fc4f8ac.jpg,train
dataset_2,val,cdee3cc5-IMG_20220927_111213,/Users/avnisingh/delhivery-pallet-pose/data/raw/dataset_2/train/images/cdee3cc5-IMG_20220927_111213_flipped_jpg.rf.f73aa44a78b348734a9eba581548c5a1.jpg,train
dataset_2,train,987fe529-test_image_31,/Users/avnisingh/delhivery-pallet-pose/data/raw/dataset_2/train/images/987fe529-test_image_31_flipped_jpg.rf.e546e6c81abdd00888bcbfa55df667bd.jpg,train
dataset_2,test,1729063780805,/Users/avnisingh/delhivery-pallet-pose/data/raw/dataset_2/train/images/1729063780805_jpg.rf.751bdbe8af9bdf5c9a539438319d7d67.jpg,train
dataset_2,train,train_1_640_aug_04,/Users/avnisingh/delhivery-pallet-pose/data/raw/dataset_2/train/images/train_1_640_aug_04_blur_jpg.rf.a92322d8d8984f2e90c1c6f49bee4fb7.jpg,train
dataset_2,train,6173,/Users/avnisingh/delhivery-pallet-pose/data/raw/dataset_2/train/images/6173_jpg.rf.270e0002e586bffb3551c54074685ca1.jpg,train
dataset_2,train,24dcf72c-test_image_81,/Users/avnisingh/delhivery-pallet-pose/data/raw/dataset_2/train/images/24dcf72c-test_image_81_jpg.rf.bdbdc94676ca0728eeca1e6b50904c0d.jpg,train
dataset_2,train,train_5_640_original,/Users/avnisingh/delhivery-pallet-pose/data/raw/dataset_2/train/images/train_5_640_original_jpg.rf.8274939f9e592013b904f09c0b4a2fe9.jpg,train
dataset_2,train,train_3_640_aug_04,/Users/avnisingh/delhivery-pallet-pose/data/raw/dataset_2/train/images/train_3_640_aug_04_blur_jpg.rf.9f84a079c7a2b0943ce7954be0e2a44b.jpg,train
dataset_2,train,64f148d9-test_image_85,/Users/avnisingh/delhivery-pallet-pose/data/raw/dataset_2/train/images/64f148d9-test_image_85_jpg.rf.7d7f088c87a10b586ac01d9b13c6f847.jpg,train
dataset_2,train,13b63dd4-IMG_20220927_111719,/Users/avnisingh/delhivery-pallet-pose/data/raw/dataset_2/train/images/13b63dd4-IMG_20220927_111719_flipped_jpg.rf.ed297ec81b1d15a551a8edd9696c7be7.jpg,train
dataset_2,train,c67cdbbc-test_image_83,/Users/avnisingh/delhivery-pallet-pose/data/raw/dataset_2/train/images/c67cdbbc-test_image_83_jpg.rf.44139e1cb33c6a368a5a324597e6e047.jpg,train
dataset_2,test,0b108350-test_image_25,/Users/avnisingh/delhivery-pallet-pose/data/raw/dataset_2/train/images/0b108350-test_image_25_flipped_jpg.rf.00d4dbd531217e0326a6e2730d4e8300.jpg,train
dataset_2,val,train_3_640_aug_02,/Users/avnisingh/delhivery-pallet-pose/data/raw/dataset_2/train/images/train_3_640_aug_02_brightness_jpg.rf.e89c37e94a62451e0c109d3c508fb1c8.jpg,train
dataset_2,train,f1c88141-IMG_20220927_111115,/Users/avnisingh/delhivery-pallet-pose/data/raw/dataset_2/train/images/f1c88141-IMG_20220927_111115_flipped_jpg.rf.108873d97de128483ecd89528d2ccc7e.jpg,train
dataset_2,train,ba2e6948-test_image_61,/Users/avnisingh/delhivery-pallet-pose/data/raw/dataset_2/train/images/ba2e6948-test_image_61_jpg.rf.0794fbee25ae9c89cdcab42919e20544.jpg,train
dataset_2,train,fdeb1a4f-test_image_73,/Users/avnisingh/delhivery-pallet-pose/data/raw/dataset_2/train/images/fdeb1a4f-test_image_73_jpg.rf.48aadd6ed38dd2ee70c9dd0572ca6598.jpg,train
dataset_2,train,4884ca2a-IMG_20220927_111648,/Users/avnisingh/delhivery-pallet-pose/data/raw/dataset_2/train/images/4884ca2a-IMG_20220927_111648_jpg.rf.23ae115b37c683203692b2b463dd4518.jpg,train
dataset_2,val,train_3_640_original,/Users/avnisingh/delhivery-pallet-pose/data/raw/dataset_2/train/images/train_3_640_original_jpg.rf.a0cf6137cb17463477ab2491ffb16f07.jpg,train
dataset_2,val,523312c2-test_image_84,/Users/avnisingh/delhivery-pallet-pose/data/raw/dataset_2/train/images/523312c2-test_image_84_flipped_jpg.rf.00c7109510bc7495164dd038438dc7b7.jpg,train
dataset_2,train,1729063780685,/Users/avnisingh/delhivery-pallet-pose/data/raw/dataset_2/train/images/1729063780685_jpg.rf.551c5b944165c8804646dc6a9ed5557d.jpg,train
dataset_2,train,f3f88ddc-IMG_20220927_164840,/Users/avnisingh/delhivery-pallet-pose/data/raw/dataset_2/train/images/f3f88ddc-IMG_20220927_164840_jpg.rf.ea6964c57df0f01651145f8b14d5b529.jpg,train
dataset_2,train,0201a00a-IMG_20220927_110903,/Users/avnisingh/delhivery-pallet-pose/data/raw/dataset_2/train/images/0201a00a-IMG_20220927_110903_flipped_jpg.rf.b8e4ad5cda343044fd209529c9ccf0da.jpg,train
dataset_2,train,8ee421e2-IMG_20220927_111217,/Users/avnisingh/delhivery-pallet-pose/data/raw/dataset_2/train/images/8ee421e2-IMG_20220927_111217_flipped_jpg.rf.1033566aa6dd5f119b2eda0ad4bf8f97.jpg,train
dataset_2,train,1729063780882,/Users/avnisingh/delhivery-pallet-pose/data/raw/dataset_2/train/images/1729063780882_jpg.rf.5c1df5d885a201281facac1a38c8661f.jpg,train
dataset_2,train,acced1aa-test_image_26,/Users/avnisingh/delhivery-pallet-pose/data/raw/dataset_2/train/images/acced1aa-test_image_26_flipped_jpg.rf.8a7d05504ce89ee95bdf9260d9de6390.jpg,train
dataset_2,train,train_4_640_aug_04,/Users/avnisingh/delhivery-pallet-pose/data/raw/dataset_2/train/images/train_4_640_aug_04_blur_jpg.rf.18dbc49d3f87103dddcb3b0c4f5cadfa.jpg,train
dataset_2,test,2d8f47f9-test_image_11,/Users/avnisingh/delhivery-pallet-pose/data/raw/dataset_2/train/images/2d8f47f9-test_image_11_flipped_jpg.rf.cfad56e05385fb86f6390540646eb079.jpg,train
dataset_2,train,e9df6ea5-IMG_20220927_111228,/Users/avnisingh/delhivery-pallet-pose/data/raw/dataset_2/train/images/e9df6ea5-IMG_20220927_111228_flipped_jpg.rf.908f2517eace51527efb29567921db06.jpg,train
dataset_2,test,train_1_640_aug_10,/Users/avnisingh/delhivery-pallet-pose/data/raw/dataset_2/train/images/train_1_640_aug_10_combined_4_jpg.rf.a2fa4a9bd18868dc231384b1935e3bed.jpg,train
dataset_2,train,e24beccf-IMG_20220927_111512,/Users/avnisingh/delhivery-pallet-pose/data/raw/dataset_2/train/images/e24beccf-IMG_20220927_111512_jpg.rf.4b32f005295242bea7bd69c764ad6982.jpg,train
dataset_2,train,1729063780843,/Users/avnisingh/delhivery-pallet-pose/data/raw/dataset_2/train/images/1729063780843_jpg.rf.d8977ae3298b961e55bb68ee965b436b.jpg,train
dataset_2,test,c036f7b6-test_image_15,/Users/avnisingh/delhivery-pallet-pose/data/raw/dataset_2/train/images/c036f7b6-test_image_15_flipped_jpg.rf.f64ab50e6478116a31257793d3ac6a48.jpg,train
dataset_2,train,53e17210-test_image_21,/Users/avnisingh/delhivery-pallet-pose/data/raw/dataset_2/train/images/53e17210-test_image_21_jpg.rf.8a679af59f4411ab9b32ecfef4fb8cb1.jpg,train
dataset_2,train,70b6497f-test_image_84,/Users/avnisingh/delhivery-pallet-pose/data/raw/dataset_2/train/images/70b6497f-test_image_84_jpg.rf.3f229196ebaf2b87e650fbb8dd4767e8.jpg,train
dataset_2,train,b2c37643-IMG_20220927_110912,/Users/avnisingh/delhivery-pallet-pose/data/raw/dataset_2/train/images/b2c37643-IMG_20220927_110912_jpg.rf.c33d9524943b158f77278ede4c84017f.jpg,train
dataset_2,train,train_1_640_aug_07,/Users/avnisingh/delhivery-pallet-pose/data/raw/dataset_2/train/images/train_1_640_aug_07_combined_1_jpg.rf.f0a103e11f41fab13ba473ee64db00be.jpg,train
dataset_2,train,d784b59f-IMG_20220927_164827,/Users/avnisingh/delhivery-pallet-pose/data/raw/dataset_2/train/images/d784b59f-IMG_20220927_164827_jpg.rf.438834c5e3a6a56f3e1175358181d295.jpg,train
dataset_2,train,b765855a-1664350647327,/Users/avnisingh/delhivery-pallet-pose/data/raw/dataset_2/train/images/b765855a-1664350647327_jpg.rf.d1fd28b2669749ed8fb39321463b5f09.jpg,train
dataset_2,train,df6ed014-IMG_20220927_111208,/Users/avnisingh/delhivery-pallet-pose/data/raw/dataset_2/train/images/df6ed014-IMG_20220927_111208_jpg.rf.742212c538fd37a3afd8767067f10bff.jpg,train
dataset_2,train,5f9ebee9-IMG_20220927_111655,/Users/avnisingh/delhivery-pallet-pose/data/raw/dataset_2/train/images/5f9ebee9-IMG_20220927_111655_jpg.rf.f7c3f1880e9bd28dbc1325f3479d7bb3.jpg,train
dataset_2,test,1729063780455,/Users/avnisingh/delhivery-pallet-pose/data/raw/dataset_2/train/images/1729063780455_jpg.rf.e697d417f11da4c4ea812dfae9db969c.jpg,train
dataset_2,train,1729063781060,/Users/avnisingh/delhivery-pallet-pose/data/raw/dataset_2/train/images/1729063781060_jpg.rf.f876543d31f011aff6b9b53116ff41e7.jpg,train
dataset_2,train,5a98091c-IMG_20220927_111727,/Users/avnisingh/delhivery-pallet-pose/data/raw/dataset_2/train/images/5a98091c-IMG_20220927_111727_jpg.rf.197afc4b28cb856ad5630eac70f92804.jpg,train
dataset_2,test,8fd18058-IMG_20220927_164656,/Users/avnisingh/delhivery-pallet-pose/data/raw/dataset_2/train/images/8fd18058-IMG_20220927_164656_flipped_jpg.rf.0a4ffd20ea2d7caafa070c879bc22830.jpg,train
dataset_2,val,20241018_153840,/Users/avnisingh/delhivery-pallet-pose/data/raw/dataset_2/train/images/20241018_153840_jpg.rf.dce4b5cc07a4596a8bcced15f3386f4d.jpg,train
dataset_2,test,2d7750e2-IMG_20220927_110903,/Users/avnisingh/delhivery-pallet-pose/data/raw/dataset_2/train/images/2d7750e2-IMG_20220927_110903_jpg.rf.f864d2371b55f4990e0a08250d07132d.jpg,train
dataset_2,train,c11b5890-IMG_20220927_111110,/Users/avnisingh/delhivery-pallet-pose/data/raw/dataset_2/train/images/c11b5890-IMG_20220927_111110_jpg.rf.391a66c08a5332c3fdf99a82c977c0b2.jpg,train
dataset_2,val,27e34a58-IMG_20220927_111043,/Users/avnisingh/delhivery-pallet-pose/data/raw/dataset_2/train/images/27e34a58-IMG_20220927_111043_jpg.rf.dc01ca46233db0656b8a13e8a78d01b1.jpg,train
dataset_2,train,c47136ff-IMG_20220927_111159,/Users/avnisingh/delhivery-pallet-pose/data/raw/dataset_2/train/images/c47136ff-IMG_20220927_111159_jpg.rf.af3303393caf364ad6bcd757feec6d92.jpg,train
dataset_2,test,0af4d2c1-IMG_20220927_110912,/Users/avnisingh/delhivery-pallet-pose/data/raw/dataset_2/train/images/0af4d2c1-IMG_20220927_110912_flipped_jpg.rf.1d5f1581cbeb777cc98a767bb252048b.jpg,train
dataset_2,val,3e3aec93-IMG_20220927_111055,/Users/avnisingh/delhivery-pallet-pose/data/raw/dataset_2/train/images/3e3aec93-IMG_20220927_111055_jpg.rf.cfe632927ed05e1f352ec8172259aaa0.jpg,train
dataset_2,val,a94fbcb5-test_image_87,/Users/avnisingh/delhivery-pallet-pose/data/raw/dataset_2/train/images/a94fbcb5-test_image_87_flipped_jpg.rf.b25bc24033411a0d7d2cf6cff6011278.jpg,train
dataset_2,train,ad24efc3-test_image_51,/Users/avnisingh/delhivery-pallet-pose/data/raw/dataset_2/train/images/ad24efc3-test_image_51_jpg.rf.feea445b132551328802592fc9562f7c.jpg,train
dataset_2,train,b0bea841-IMG_20220927_111704,/Users/avnisingh/delhivery-pallet-pose/data/raw/dataset_2/train/images/b0bea841-IMG_20220927_111704_jpg.rf.b43a39eafa283026b04c56b61f7e2320.jpg,train
dataset_2,test,1728981480994,/Users/avnisingh/delhivery-pallet-pose/data/raw/dataset_2/train/images/1728981480994_jpg.rf.38e6c2b6914438a847483aef405d6b78.jpg,train
dataset_2,train,9ec60102-IMG_20220927_110926,/Users/avnisingh/delhivery-pallet-pose/data/raw/dataset_2/train/images/9ec60102-IMG_20220927_110926_flipped_jpg.rf.2a01f04adb6a7d63bb68055bc5045381.jpg,train
dataset_2,test,6916,/Users/avnisingh/delhivery-pallet-pose/data/raw/dataset_2/train/images/6916_jpg.rf.803bbed8891777df04376640980963f5.jpg,train
dataset_2,val,478e6508-IMG_20220927_110808,/Users/avnisingh/delhivery-pallet-pose/data/raw/dataset_2/train/images/478e6508-IMG_20220927_110808_flipped_jpg.rf.0b66e9316cdbc61182246aab67fa86d1.jpg,train
dataset_2,train,e550029c-IMG_20220927_111714,/Users/avnisingh/delhivery-pallet-pose/data/raw/dataset_2/train/images/e550029c-IMG_20220927_111714_flipped_jpg.rf.a4590837fff42df66878657dd0b99b3b.jpg,train
dataset_2,val,b33c6ae8-IMG_20220927_111653,/Users/avnisingh/delhivery-pallet-pose/data/raw/dataset_2/train/images/b33c6ae8-IMG_20220927_111653_flipped_jpg.rf.adc5c206be013c249b9cf10788b4c92d.jpg,train
dataset_2,train,d7477a87-IMG_20220927_111450,/Users/avnisingh/delhivery-pallet-pose/data/raw/dataset_2/train/images/d7477a87-IMG_20220927_111450_jpg.rf.88780369cd2241a7990aac3d1914cc9b.jpg,train
dataset_2,train,3e64e202-IMG_20220927_111036,/Users/avnisingh/delhivery-pallet-pose/data/raw/dataset_2/train/images/3e64e202-IMG_20220927_111036_jpg.rf.5a9ff114ad6fee7a256f62ba3898e5f0.jpg,train
dataset_2,train,096ccde6-test_image_37,/Users/avnisingh/delhivery-pallet-pose/data/raw/dataset_2/train/images/096ccde6-test_image_37_flipped_jpg.rf.17b90291152081894cb73d7bee89055e.jpg,train
dataset_2,test,d7c3089e-test_image_44,/Users/avnisingh/delhivery-pallet-pose/data/raw/dataset_2/train/images/d7c3089e-test_image_44_jpg.rf.25a6ff21418842e392582bb2c80a2b8c.jpg,train
dataset_2,train,df129ca6-IMG_20220927_164836,/Users/avnisingh/delhivery-pallet-pose/data/raw/dataset_2/train/images/df129ca6-IMG_20220927_164836_flipped_jpg.rf.9ca1c32e53ce714290434f9edcb21875.jpg,train
dataset_2,train,a4dd9128-IMG_20220927_164824,/Users/avnisingh/delhivery-pallet-pose/data/raw/dataset_2/train/images/a4dd9128-IMG_20220927_164824_jpg.rf.b2f4a92ae61b9f4ed09119fd20081196.jpg,train
dataset_2,train,train_3_0_640,/Users/avnisingh/delhivery-pallet-pose/data/raw/dataset_2/train/images/train_3_0_640_jpg.rf.e708974a3d39e2100c07d60ccd2ec62f.jpg,train
dataset_2,test,2ece555a-test_image_2,/Users/avnisingh/delhivery-pallet-pose/data/raw/dataset_2/train/images/2ece555a-test_image_2_flipped_jpg.rf.9472837e24862d30d06443e31725f2a0.jpg,train
dataset_2,train,07ea92f2-test_image_44,/Users/avnisingh/delhivery-pallet-pose/data/raw/dataset_2/train/images/07ea92f2-test_image_44_flipped_jpg.rf.5286a50a12950cde4563cef6c9a2efc0.jpg,train
dataset_2,val,46ea306b-IMG_20220927_111105,/Users/avnisingh/delhivery-pallet-pose/data/raw/dataset_2/train/images/46ea306b-IMG_20220927_111105_jpg.rf.45017c2d1228f04542439acf6a80d90f.jpg,train
dataset_2,train,1a5da0ed-IMG_20220927_111101,/Users/avnisingh/delhivery-pallet-pose/data/raw/dataset_2/train/images/1a5da0ed-IMG_20220927_111101_jpg.rf.1bba4aefb7a4189a2ffe0464eb53cef7.jpg,train
dataset_2,train,f311ac59-test_image_54,/Users/avnisingh/delhivery-pallet-pose/data/raw/dataset_2/train/images/f311ac59-test_image_54_jpg.rf.4455c76bed7a6d41e1283e49e8f8fe68.jpg,train
dataset_2,val,6292,/Users/avnisingh/delhivery-pallet-pose/data/raw/dataset_2/train/images/6292_jpg.rf.dd19611b5401699d8bd9c95aae1ef6bf.jpg,train
dataset_2,train,fbb28321-IMG_20220927_111208,/Users/avnisingh/delhivery-pallet-pose/data/raw/dataset_2/train/images/fbb28321-IMG_20220927_111208_flipped_jpg.rf.1bbf2d9919c7ee79d23ad7a1958445a7.jpg,train
dataset_2,train,1729063781387,/Users/avnisingh/delhivery-pallet-pose/data/raw/dataset_2/train/images/1729063781387_jpg.rf.75f3b73921827c48b8af7459739a76c7.jpg,train
dataset_2,train,7d64658d-IMG_20220927_110729,/Users/avnisingh/delhivery-pallet-pose/data/raw/dataset_2/train/images/7d64658d-IMG_20220927_110729_jpg.rf.922d1c2f7ab15565f3c4049c1b4d4291.jpg,train
dataset_2,train,0a9e2232-test_image_42,/Users/avnisingh/delhivery-pallet-pose/data/raw/dataset_2/train/images/0a9e2232-test_image_42_jpg.rf.2b71985877e956b19d2ae362a5782283.jpg,train
dataset_2,train,f8fdf29c-test_image_79,/Users/avnisingh/delhivery-pallet-pose/data/raw/dataset_2/train/images/f8fdf29c-test_image_79_flipped_jpg.rf.637808bf29a77fafbd6024adc9564a04.jpg,train
dataset_2,val,da1804f2-IMG_20220927_164649,/Users/avnisingh/delhivery-pallet-pose/data/raw/dataset_2/train/images/da1804f2-IMG_20220927_164649_flipped_jpg.rf.e3c1dbde8f509276a9c2f37503af421b.jpg,train
dataset_2,train,1728981480953,/Users/avnisingh/delhivery-pallet-pose/data/raw/dataset_2/train/images/1728981480953_jpg.rf.1931b0b22bacd0b662aec52a9daa1776.jpg,train
dataset_2,val,1729063781445,/Users/avnisingh/delhivery-pallet-pose/data/raw/dataset_2/train/images/1729063781445_jpg.rf.e9bdf477fdb10962497b60b115305dc3.jpg,train
dataset_2,train,aa5307bd-test_image_9,/Users/avnisingh/delhivery-pallet-pose/data/raw/dataset_2/train/images/aa5307bd-test_image_9_flipped_jpg.rf.0fc2778cbb7688776454168a6b737bde.jpg,train
dataset_2,test,dfdff0ad-IMG_20220927_111707,/Users/avnisingh/delhivery-pallet-pose/data/raw/dataset_2/train/images/dfdff0ad-IMG_20220927_111707_jpg.rf.9ab96704325255fdc4460e80d19990ea.jpg,train
dataset_2,train,88b8e84a-IMG_20220927_111052,/Users/avnisingh/delhivery-pallet-pose/data/raw/dataset_2/train/images/88b8e84a-IMG_20220927_111052_jpg.rf.ae752b8bce58130ed022ae5b2894d45b.jpg,train
dataset_2,train,be0aec3c-IMG_20220927_164643,/Users/avnisingh/delhivery-pallet-pose/data/raw/dataset_2/train/images/be0aec3c-IMG_20220927_164643_jpg.rf.6918d6c4c1e7e03a4d52dd1f8037f099.jpg,train
dataset_2,train,0f187e80-test_image_6,/Users/avnisingh/delhivery-pallet-pose/data/raw/dataset_2/train/images/0f187e80-test_image_6_jpg.rf.a3fe037047871b8afe1835329325523c.jpg,train
dataset_2,train,856adeae-IMG_20220923_135441,/Users/avnisingh/delhivery-pallet-pose/data/raw/dataset_2/train/images/856adeae-IMG_20220923_135441_jpg.rf.eddc4eb5a8c35e15634cdb40e34ab0de.jpg,train
dataset_2,train,5d2a65ba-test_image_33,/Users/avnisingh/delhivery-pallet-pose/data/raw/dataset_2/train/images/5d2a65ba-test_image_33_flipped_jpg.rf.f7dfc781d1774f1eeddf097916265e7b.jpg,train
dataset_2,val,1729063781020,/Users/avnisingh/delhivery-pallet-pose/data/raw/dataset_2/train/images/1729063781020_jpg.rf.3278dcf70b09dfc4c9079c3977043225.jpg,train
dataset_2,train,f192d998-IMG_20220927_164855,/Users/avnisingh/delhivery-pallet-pose/data/raw/dataset_2/train/images/f192d998-IMG_20220927_164855_flipped_jpg.rf.b72a8188ca4c7f416283b19cc25ba3ac.jpg,train
dataset_2,val,281ea002-IMG_20220927_111232,/Users/avnisingh/delhivery-pallet-pose/data/raw/dataset_2/train/images/281ea002-IMG_20220927_111232_flipped_jpg.rf.5fc10d1e70e7002de185d08319d3b9c5.jpg,train
dataset_2,train,ac4c5ef8-IMG_20220927_111222,/Users/avnisingh/delhivery-pallet-pose/data/raw/dataset_2/train/images/ac4c5ef8-IMG_20220927_111222_jpg.rf.76e4b8ffac30a774b1f9932959deac32.jpg,train
dataset_2,train,c3df8ea0-IMG_20220927_111039,/Users/avnisingh/delhivery-pallet-pose/data/raw/dataset_2/train/images/c3df8ea0-IMG_20220927_111039_flipped_jpg.rf.fa3db69cef3b2f8249861d2b50ad79c3.jpg,train
dataset_2,train,1728981480974,/Users/avnisingh/delhivery-pallet-pose/data/raw/dataset_2/train/images/1728981480974_jpg.rf.c9466a6cd4fdd7af1a179826f8b9bbbc.jpg,train
dataset_2,train,fc9352b8-IMG_20220927_111701,/Users/avnisingh/delhivery-pallet-pose/data/raw/dataset_2/train/images/fc9352b8-IMG_20220927_111701_jpg.rf.45e580d10cc50251f33ebebf74f52628.jpg,train
dataset_2,train,b90024d2-test_image_59,/Users/avnisingh/delhivery-pallet-pose/data/raw/dataset_2/train/images/b90024d2-test_image_59_flipped_jpg.rf.55ad0cdacce55cdc917eaa96055d66be.jpg,train
dataset_2,train,6031,/Users/avnisingh/delhivery-pallet-pose/data/raw/dataset_2/train/images/6031_jpg.rf.149fc388176adf80ee07021d29c65ccb.jpg,train
dataset_2,train,20241018_153755,/Users/avnisingh/delhivery-pallet-pose/data/raw/dataset_2/train/images/20241018_153755_jpg.rf.f40d487ea674be4407cd2b34f83f589d.jpg,train
dataset_2,train,7bb6237c-IMG_20220927_164827,/Users/avnisingh/delhivery-pallet-pose/data/raw/dataset_2/train/images/7bb6237c-IMG_20220927_164827_flipped_jpg.rf.c7f632dba7cae70a875ee1ca9c2e4a1a.jpg,train
dataset_2,train,d0a3f19b-IMG_20220927_111719,/Users/avnisingh/delhivery-pallet-pose/data/raw/dataset_2/train/images/d0a3f19b-IMG_20220927_111719_jpg.rf.ab61cc5e76732a5b53f809979a327204.jpg,train
dataset_2,train,9b99482b-IMG_20220927_164651,/Users/avnisingh/delhivery-pallet-pose/data/raw/dataset_2/train/images/9b99482b-IMG_20220927_164651_flipped_jpg.rf.96684a66042206449667d3d902307127.jpg,train
dataset_2,train,1729063780665,/Users/avnisingh/delhivery-pallet-pose/data/raw/dataset_2/train/images/1729063780665_jpg.rf.05fe7800e435ed5b7dd8b64e5adf3bda.jpg,train
dataset_2,train,20241018_153846,/Users/avnisingh/delhivery-pallet-pose/data/raw/dataset_2/train/images/20241018_153846_jpg.rf.07f73e6c3879324240e85e70671d23df.jpg,train
dataset_2,val,437f2391-IMG_20220927_164832,/Users/avnisingh/delhivery-pallet-pose/data/raw/dataset_2/train/images/437f2391-IMG_20220927_164832_jpg.rf.1f8294338cb4b9be88480eb7773b6943.jpg,train
dataset_2,test,3c3ef9a5-IMG_20220927_111046,/Users/avnisingh/delhivery-pallet-pose/data/raw/dataset_2/train/images/3c3ef9a5-IMG_20220927_111046_flipped_jpg.rf.b3b9a0331d7b5281105be597e7b432c4.jpg,train
dataset_2,test,6ddb67d2-IMG_20220927_111722,/Users/avnisingh/delhivery-pallet-pose/data/raw/dataset_2/train/images/6ddb67d2-IMG_20220927_111722_flipped_jpg.rf.5439b4699776db219d3b0f043e6e2939.jpg,train
dataset_2,train,80da85a1-test_image_87,/Users/avnisingh/delhivery-pallet-pose/data/raw/dataset_2/train/images/80da85a1-test_image_87_jpg.rf.1c621d79ef06a4105cdae06101bec4c1.jpg,train
dataset_2,train,6113,/Users/avnisingh/delhivery-pallet-pose/data/raw/dataset_2/train/images/6113_jpg.rf.dd7ce446e6338544f86cddc7d027f40a.jpg,train
dataset_2,test,b5e4182f-IMG_20220927_111717,/Users/avnisingh/delhivery-pallet-pose/data/raw/dataset_2/train/images/b5e4182f-IMG_20220927_111717_jpg.rf.ea7147031e0a8bbdf971c9a1da1668a6.jpg,train
dataset_2,train,699c5d30-IMG_20220927_111039,/Users/avnisingh/delhivery-pallet-pose/data/raw/dataset_2/train/images/699c5d30-IMG_20220927_111039_jpg.rf.e3fc9d956931f74c4f9c13456e51dff6.jpg,train
dataset_2,val,122bffb0-IMG_20220927_164902,/Users/avnisingh/delhivery-pallet-pose/data/raw/dataset_2/train/images/122bffb0-IMG_20220927_164902_jpg.rf.338842007aafe21aab56f150019fac47.jpg,train
dataset_2,train,b325f718-test_image_8,/Users/avnisingh/delhivery-pallet-pose/data/raw/dataset_2/train/images/b325f718-test_image_8_jpg.rf.cb0883968d2f85d30f30e66ea6591e03.jpg,train
dataset_2,val,7ab0d45f-IMG_20220927_111724,/Users/avnisingh/delhivery-pallet-pose/data/raw/dataset_2/train/images/7ab0d45f-IMG_20220927_111724_flipped_jpg.rf.ff4fc4e61bf20061c389d09d276c45b3.jpg,train
dataset_2,test,c4b4f9e3-test_image_35,/Users/avnisingh/delhivery-pallet-pose/data/raw/dataset_2/train/images/c4b4f9e3-test_image_35_jpg.rf.b1fec60fb951d04d5b16ce35c5f25c85.jpg,train
dataset_2,train,c2f6cb3b-IMG_20220927_111036,/Users/avnisingh/delhivery-pallet-pose/data/raw/dataset_2/train/images/c2f6cb3b-IMG_20220927_111036_flipped_jpg.rf.a59259f3724e2aceb6cd8ac71008c663.jpg,train
dataset_2,test,train_5_640_aug_08,/Users/avnisingh/delhivery-pallet-pose/data/raw/dataset_2/train/images/train_5_640_aug_08_combined_2_jpg.rf.b9099654bb7defbb823720a27f39f965.jpg,train
dataset_2,val,f555167e-IMG_20220927_111213,/Users/avnisingh/delhivery-pallet-pose/data/raw/dataset_2/train/images/f555167e-IMG_20220927_111213_jpg.rf.63998229089ef1329e21dca7b4864e50.jpg,train
dataset_2,val,ddc82840-IMG_20220927_164820,/Users/avnisingh/delhivery-pallet-pose/data/raw/dataset_2/train/images/ddc82840-IMG_20220927_164820_jpg.rf.9fc3524c91b91994309a925255249dfc.jpg,train
dataset_2,train,d5fa3034-IMG_20220927_111533,/Users/avnisingh/delhivery-pallet-pose/data/raw/dataset_2/train/images/d5fa3034-IMG_20220927_111533_flipped_jpg.rf.6124c0e8b83431f1890fabbc95420202.jpg,train
dataset_2,train,400d20eb-IMG_20220927_164649,/Users/avnisingh/delhivery-pallet-pose/data/raw/dataset_2/train/images/400d20eb-IMG_20220927_164649_jpg.rf.7ab130aa56df0e1db6e6062052f997a7.jpg,train
dataset_2,train,7d5c783f-test_image_86,/Users/avnisingh/delhivery-pallet-pose/data/raw/dataset_2/train/images/7d5c783f-test_image_86_flipped_jpg.rf.270da277eb4c08734a3d9f38977174f8.jpg,train
dataset_2,val,14b790cf-IMG_20220927_110808,/Users/avnisingh/delhivery-pallet-pose/data/raw/dataset_2/train/images/14b790cf-IMG_20220927_110808_jpg.rf.60025262645fd87ec4ee43860ff98cb0.jpg,train
dataset_2,test,d446dbec-test_image_56,/Users/avnisingh/delhivery-pallet-pose/data/raw/dataset_2/train/images/d446dbec-test_image_56_jpg.rf.e663b0fe9afc5309061daf2e8c1255b3.jpg,train
dataset_2,test,ff6d290d-IMG_20220927_110859,/Users/avnisingh/delhivery-pallet-pose/data/raw/dataset_2/train/images/ff6d290d-IMG_20220927_110859_flipped_jpg.rf.ce2487d405b0fdee9ba60db1f75459db.jpg,train
dataset_2,train,1729063781077,/Users/avnisingh/delhivery-pallet-pose/data/raw/dataset_2/train/images/1729063781077_jpg.rf.572df157c65cb244bafa6f064399f152.jpg,train
dataset_2,val,1729063780959,/Users/avnisingh/delhivery-pallet-pose/data/raw/dataset_2/train/images/1729063780959_jpg.rf.8138a25f5601557cf94e9d4a59e4b760.jpg,train
dataset_2,test,train_3_640_aug_01,/Users/avnisingh/delhivery-pallet-pose/data/raw/dataset_2/train/images/train_3_640_aug_01_rotation_jpg.rf.4b9aa990bbeafc6eb92e4ad115dd75e1.jpg,train
dataset_2,train,train_4_0_640,/Users/avnisingh/delhivery-pallet-pose/data/raw/dataset_2/train/images/train_4_0_640_jpg.rf.3cc73a16bc78eebecb5527804d4744fa.jpg,train
dataset_2,val,1729063781343,/Users/avnisingh/delhivery-pallet-pose/data/raw/dataset_2/train/images/1729063781343_jpg.rf.df19b5751871064bffc85c93d34e0470.jpg,train
dataset_2,train,train_1_640_aug_06,/Users/avnisingh/delhivery-pallet-pose/data/raw/dataset_2/train/images/train_1_640_aug_06_crop_jpg.rf.204da5603a0fc7f1d5a594ecb999487f.jpg,train
dataset_2,train,1729063781295,/Users/avnisingh/delhivery-pallet-pose/data/raw/dataset_2/train/images/1729063781295_jpg.rf.a9434f9fb6e04fdbadab7178d968692f.jpg,train
dataset_2,train,ee26dfd8-IMG_20220927_164647,/Users/avnisingh/delhivery-pallet-pose/data/raw/dataset_2/train/images/ee26dfd8-IMG_20220927_164647_jpg.rf.b35a83e0fd976ea09cd21798b30e42e5.jpg,train
dataset_2,train,8dd7cd1e-IMG_20220927_110859,/Users/avnisingh/delhivery-pallet-pose/data/raw/dataset_2/train/images/8dd7cd1e-IMG_20220927_110859_jpg.rf.196952ed1bc99e4dd03f0655cc285710.jpg,train
dataset_2,train,train_2_640_aug_07,/Users/avnisingh/delhivery-pallet-pose/data/raw/dataset_2/train/images/train_2_640_aug_07_combined_1_jpg.rf.3f90195d43c264088fee978fb3064da5.jpg,train
dataset_2,train,134265ec-IMG_20220927_111058,/Users/avnisingh/delhivery-pallet-pose/data/raw/dataset_2/train/images/134265ec-IMG_20220927_111058_jpg.rf.3400d07b15defcc77b7b244cd78a050f.jpg,train
dataset_2,train,510bade5-IMG_20220927_111159,/Users/avnisingh/delhivery-pallet-pose/data/raw/dataset_2/train/images/510bade5-IMG_20220927_111159_flipped_jpg.rf.5ebf8fc9f43b4a9057c72896f7e80824.jpg,train
dataset_2,test,eac3acc7-IMG_20220927_164815,/Users/avnisingh/delhivery-pallet-pose/data/raw/dataset_2/train/images/eac3acc7-IMG_20220927_164815_jpg.rf.d07e7a8cb730817c72636944eb4aa13e.jpg,train
dataset_2,train,afe02a03-IMG_20220927_164702,/Users/avnisingh/delhivery-pallet-pose/data/raw/dataset_2/train/images/afe02a03-IMG_20220927_164702_jpg.rf.7ed0675727c5daa3fff6fa04861de14d.jpg,train
dataset_2,train,1729063780923,/Users/avnisingh/delhivery-pallet-pose/data/raw/dataset_2/train/images/1729063780923_jpg.rf.0fd8b1de4b26df6a083544afc95dad37.jpg,train
dataset_2,train,c7941bf7-IMG_20220927_110741,/Users/avnisingh/delhivery-pallet-pose/data/raw/dataset_2/train/images/c7941bf7-IMG_20220927_110741_jpg.rf.c76225c2d6fe64c87f522f6e9ed9fbb2.jpg,train
dataset_2,val,b7a97b12-IMG_20220927_164811,/Users/avnisingh/delhivery-pallet-pose/data/raw/dataset_2/train/images/b7a97b12-IMG_20220927_164811_flipped_jpg.rf.1d43f31526878b03c521fe0b80cc4e51.jpg,train
dataset_2,train,797b148b-test_image_58,/Users/avnisingh/delhivery-pallet-pose/data/raw/dataset_2/train/images/797b148b-test_image_58_flipped_jpg.rf.dd9cfe832e9fd16d1621cc3245d6e957.jpg,train
dataset_2,test,309ae829-test_image_6,/Users/avnisingh/delhivery-pallet-pose/data/raw/dataset_2/train/images/309ae829-test_image_6_flipped_jpg.rf.96d735ddf2cdb45654785e46325a5521.jpg,train
dataset_2,train,86c32e52-test_image_58,/Users/avnisingh/delhivery-pallet-pose/data/raw/dataset_2/train/images/86c32e52-test_image_58_jpg.rf.b95392c2fcca3092ffdd5c1558bd1ce2.jpg,train
dataset_2,train,f5a066e7-IMG_20220927_110918,/Users/avnisingh/delhivery-pallet-pose/data/raw/dataset_2/train/images/f5a066e7-IMG_20220927_110918_flipped_jpg.rf.08d26a853dd9c88fb3746899a84eb4b9.jpg,train
dataset_2,train,cfd4d2a8-IMG_20220927_111515,/Users/avnisingh/delhivery-pallet-pose/data/raw/dataset_2/train/images/cfd4d2a8-IMG_20220927_111515_flipped_jpg.rf.94e3ed7f8934ccb98ed9a2bbc60b0d6f.jpg,train
dataset_2,test,1729063781163,/Users/avnisingh/delhivery-pallet-pose/data/raw/dataset_2/train/images/1729063781163_jpg.rf.5f3c95cae88f1df3720fe956e4bec4c9.jpg,train
dataset_2,train,79a7a451-test_image_4,/Users/avnisingh/delhivery-pallet-pose/data/raw/dataset_2/train/images/79a7a451-test_image_4_flipped_jpg.rf.082701251527640728a061525a7a567b.jpg,train
dataset_2,train,train_4_640_aug_02,/Users/avnisingh/delhivery-pallet-pose/data/raw/dataset_2/train/images/train_4_640_aug_02_brightness_jpg.rf.61817f92f892d0538fa1670316bbc496.jpg,train
dataset_2,train,d282dcae-IMG_20220927_111052,/Users/avnisingh/delhivery-pallet-pose/data/raw/dataset_2/train/images/d282dcae-IMG_20220927_111052_flipped_jpg.rf.dc87be11b8b154e9cd7af4b33b77c900.jpg,train
dataset_2,val,eb82a75e-IMG_20220927_164844,/Users/avnisingh/delhivery-pallet-pose/data/raw/dataset_2/train/images/eb82a75e-IMG_20220927_164844_jpg.rf.9df78afad251d0f1ddc045ecd57ab245.jpg,train
dataset_2,train,6255d1ba-test_image_47,/Users/avnisingh/delhivery-pallet-pose/data/raw/dataset_2/train/images/6255d1ba-test_image_47_flipped_jpg.rf.0c049ffe2cedb5a6b4ce8168ca8bfc58.jpg,train
dataset_2,train,train_3_640_aug_10,/Users/avnisingh/delhivery-pallet-pose/data/raw/dataset_2/train/images/train_3_640_aug_10_combined_4_jpg.rf.9ca3183629d5092e97a95e29775d55b3.jpg,train
dataset_2,test,c2d28b2e-test_image_16,/Users/avnisingh/delhivery-pallet-pose/data/raw/dataset_2/train/images/c2d28b2e-test_image_16_jpg.rf.af5b9d03c2a153c724e5da9923eed920.jpg,train
dataset_2,val,b17c72ac-IMG_20220927_111512,/Users/avnisingh/delhivery-pallet-pose/data/raw/dataset_2/train/images/b17c72ac-IMG_20220927_111512_flipped_jpg.rf.c38814153addade160d56845c260b3fc.jpg,train
dataset_2,val,train_2_640_aug_04,/Users/avnisingh/delhivery-pallet-pose/data/raw/dataset_2/train/images/train_2_640_aug_04_blur_jpg.rf.f6b6716839b3b9fde5f5c709e3f3ea93.jpg,train
dataset_2,train,c1406c72-IMG_20220927_111529,/Users/avnisingh/delhivery-pallet-pose/data/raw/dataset_2/train/images/c1406c72-IMG_20220927_111529_flipped_jpg.rf.ff54430e74355c4cfa4c68a6c14bb6b8.jpg,train
dataset_2,train,b0b34cfc-test_image_82,/Users/avnisingh/delhivery-pallet-pose/data/raw/dataset_2/train/images/b0b34cfc-test_image_82_flipped_jpg.rf.28c33525e08b252cb56a9487505b4e3f.jpg,train
dataset_2,train,9a25580e-IMG_20220923_135441,/Users/avnisingh/delhivery-pallet-pose/data/raw/dataset_2/train/images/9a25580e-IMG_20220923_135441_flipped_jpg.rf.001a58a54dc8fde4794a5a862626a28a.jpg,train
dataset_2,test,d3a62eb4-test_image_72,/Users/avnisingh/delhivery-pallet-pose/data/raw/dataset_2/train/images/d3a62eb4-test_image_72_flipped_jpg.rf.20dcbfbfa5cf3eed133cb7541476f450.jpg,train
dataset_2,train,train_3_640_aug_09,/Users/avnisingh/delhivery-pallet-pose/data/raw/dataset_2/train/images/train_3_640_aug_09_combined_3_jpg.rf.335c2fef05e309cd1a7e88c96c8045e3.jpg,train
dataset_2,train,1728981480930,/Users/avnisingh/delhivery-pallet-pose/data/raw/dataset_2/train/images/1728981480930_jpg.rf.d16bda94734f83bff23ea491dc6dfe3f.jpg,train
dataset_2,train,1729063781236,/Users/avnisingh/delhivery-pallet-pose/data/raw/dataset_2/train/images/1729063781236_jpg.rf.2431c2d4d1a7e3a1f8313c4b060defd3.jpg,train
dataset_2,test,6bc1cab3-IMG_20220927_110746,/Users/avnisingh/delhivery-pallet-pose/data/raw/dataset_2/train/images/6bc1cab3-IMG_20220927_110746_jpg.rf.11227d89aa1095c153d93b2c283e575d.jpg,train
dataset_2,train,932b2021-IMG_20220927_111659,/Users/avnisingh/delhivery-pallet-pose/data/raw/dataset_2/train/images/932b2021-IMG_20220927_111659_jpg.rf.9d48ec94989c16b4657941a8b8cf423e.jpg,train
dataset_2,train,4c420ba9-IMG_20220927_111712,/Users/avnisingh/delhivery-pallet-pose/data/raw/dataset_2/train/images/4c420ba9-IMG_20220927_111712_jpg.rf.c0824281101158882d1bb48e5f661068.jpg,train
dataset_2,train,train_1_640_original,/Users/avnisingh/delhivery-pallet-pose/data/raw/dataset_2/train/images/train_1_640_original_jpg.rf.fe160f37e7ef1b8a8c14ff4abf393f27.jpg,train
dataset_2,train,eee8fe77-test_image_83,/Users/avnisingh/delhivery-pallet-pose/data/raw/dataset_2/train/images/eee8fe77-test_image_83_flipped_jpg.rf.dfce995a3f8c037dc9972144e8444cef.jpg,train
dataset_2,train,d193ae10-test_image_28,/Users/avnisingh/delhivery-pallet-pose/data/raw/dataset_2/train/images/d193ae10-test_image_28_jpg.rf.b9ce4b6b92316fb32af597ebf4d83049.jpg,train
dataset_2,val,776e220b-IMG_20220927_111055,/Users/avnisingh/delhivery-pallet-pose/data/raw/dataset_2/train/images/776e220b-IMG_20220927_111055_flipped_jpg.rf.76d5efd99c59f9e469750a9ba69ff33c.jpg,train
dataset_2,train,train_5_640_aug_05,/Users/avnisingh/delhivery-pallet-pose/data/raw/dataset_2/train/images/train_5_640_aug_05_flip_jpg.rf.1bcbc6f7d3a4933d7492a95a518a3be1.jpg,train
dataset_2,train,e93b3cc7-IMG_20220927_111523,/Users/avnisingh/delhivery-pallet-pose/data/raw/dataset_2/train/images/e93b3cc7-IMG_20220927_111523_flipped_jpg.rf.66a714a5e7d1cb4b93684f949aada068.jpg,train
dataset_2,val,70ffe480-test_image_56,/Users/avnisingh/delhivery-pallet-pose/data/raw/dataset_2/train/images/70ffe480-test_image_56_flipped_jpg.rf.ad16bbc6cbac4b59e8c08a5b767a7e5b.jpg,train
dataset_2,train,5f6a8521-IMG_20220927_110835,/Users/avnisingh/delhivery-pallet-pose/data/raw/dataset_2/train/images/5f6a8521-IMG_20220927_110835_jpg.rf.4168fbf8b7b94ad47f485dc8593454f2.jpg,train
dataset_2,train,e21a41ac-IMG_20220927_110910,/Users/avnisingh/delhivery-pallet-pose/data/raw/dataset_2/train/images/e21a41ac-IMG_20220927_110910_jpg.rf.e075fa8f99ac193a668d0ff33c781183.jpg,train
dataset_2,train,8fc39f9c-IMG_20220927_111521,/Users/avnisingh/delhivery-pallet-pose/data/raw/dataset_2/train/images/8fc39f9c-IMG_20220927_111521_jpg.rf.da4fd223d1a6d30fde23ae7fb6d352cf.jpg,train
dataset_2,train,00354e83-IMG_20220927_110729,/Users/avnisingh/delhivery-pallet-pose/data/raw/dataset_2/train/images/00354e83-IMG_20220927_110729_flipped_jpg.rf.4e7b753f4899b4b961ef6e3f1c7ad7fb.jpg,train
dataset_2,train,89b1072e-IMG_20220927_111224,/Users/avnisingh/delhivery-pallet-pose/data/raw/dataset_2/train/images/89b1072e-IMG_20220927_111224_flipped_jpg.rf.9330fa1b54261e3dc01b10596bf45de2.jpg,train
dataset_2,train,train_5_640_aug_09,/Users/avnisingh/delhivery-pallet-pose/data/raw/dataset_2/train/images/train_5_640_aug_09_combined_3_jpg.rf.2c56cdd0228aa60839df5ec702ab1cfb.jpg,train
dataset_2,train,7377f9a0-IMG_20220927_111032,/Users/avnisingh/delhivery-pallet-pose/data/raw/dataset_2/train/images/7377f9a0-IMG_20220927_111032_jpg.rf.53f69f3f95efd1f26e5c3454613b2af5.jpg,train
dataset_2,val,f8000d44-test_image_53,/Users/avnisingh/delhivery-pallet-pose/data/raw/dataset_2/train/images/f8000d44-test_image_53_flipped_jpg.rf.af593c53a1af7a316d66e80d9deda68b.jpg,train
dataset_2,train,fa43f8fc-test_image_70,/Users/avnisingh/delhivery-pallet-pose/data/raw/dataset_2/train/images/fa43f8fc-test_image_70_jpg.rf.71c4d1d55663106966817f8d67f3afe8.jpg,train
dataset_2,train,1c9b297a-IMG_20220927_111714,/Users/avnisingh/delhivery-pallet-pose/data/raw/dataset_2/train/images/1c9b297a-IMG_20220927_111714_jpg.rf.d5015b3e20a95d49f2f34a0c035f690c.jpg,train
dataset_2,train,b5b03f77-test_image_48,/Users/avnisingh/delhivery-pallet-pose/data/raw/dataset_2/train/images/b5b03f77-test_image_48_flipped_jpg.rf.9ac22d394c4e4b037a55016ad4f65489.jpg,train
dataset_2,train,1729063781405,/Users/avnisingh/delhivery-pallet-pose/data/raw/dataset_2/train/images/1729063781405_jpg.rf.cd197f3de24be9de55051e9a6066320f.jpg,train
dataset_2,val,8747290d-IMG_20220927_111717,/Users/avnisingh/delhivery-pallet-pose/data/raw/dataset_2/train/images/8747290d-IMG_20220927_111717_flipped_jpg.rf.f5d8a3cbddc00f0677ab26316af21ec3.jpg,train
dataset_2,train,70cab45a-IMG_20220927_164815,/Users/avnisingh/delhivery-pallet-pose/data/raw/dataset_2/train/images/70cab45a-IMG_20220927_164815_flipped_jpg.rf.d84a546c49d80bc62ccd4064df12bde8.jpg,train
dataset_2,train,0936475f-test_image_86,/Users/avnisingh/delhivery-pallet-pose/data/raw/dataset_2/train/images/0936475f-test_image_86_jpg.rf.c70a9ad424b3147b63b06632c774df63.jpg,train
dataset_2,train,b812f106-IMG_20220927_111507,/Users/avnisingh/delhivery-pallet-pose/data/raw/dataset_2/train/images/b812f106-IMG_20220927_111507_jpg.rf.8fd744f88aeee2567bf5cb0434da2e40.jpg,train
dataset_2,train,dfaed612-test_image_8,/Users/avnisingh/delhivery-pallet-pose/data/raw/dataset_2/train/images/dfaed612-test_image_8_flipped_jpg.rf.09312565676bd467de8a150137c9b0e5.jpg,train
dataset_2,val,train_5_640_aug_06,/Users/avnisingh/delhivery-pallet-pose/data/raw/dataset_2/train/images/train_5_640_aug_06_crop_jpg.rf.0bf5c88b90b0b7459055a5b7af8d4be9.jpg,train
dataset_2,train,109c350b-IMG_20220927_164820,/Users/avnisingh/delhivery-pallet-pose/data/raw/dataset_2/train/images/109c350b-IMG_20220927_164820_flipped_jpg.rf.83269def80fa0216aef8831f57836945.jpg,train
dataset_2,train,e18a2028-IMG_20220927_111724,/Users/avnisingh/delhivery-pallet-pose/data/raw/dataset_2/train/images/e18a2028-IMG_20220927_111724_jpg.rf.c571839db4f62c4249affb93133984bc.jpg,train
dataset_2,train,1729063780577,/Users/avnisingh/delhivery-pallet-pose/data/raw/dataset_2/train/images/1729063780577_jpg.rf.056ab17dd217371d027f8eba498fc8a9.jpg,train
dataset_2,train,98d9b959-IMG_20220927_111503,/Users/avnisingh/delhivery-pallet-pose/data/raw/dataset_2/train/images/98d9b959-IMG_20220927_111503_flipped_jpg.rf.0444e995d74d4d900b886c7ab306b485.jpg,train
dataset_2,train,2124e1ea-IMG_20220927_110906,/Users/avnisingh/delhivery-pallet-pose/data/raw/dataset_2/train/images/2124e1ea-IMG_20220927_110906_jpg.rf.f5c8a67bf3fef5d9b56234d398e29cc5.jpg,train
dataset_2,test,train_4_640_aug_05,/Users/avnisingh/delhivery-pallet-pose/data/raw/dataset_2/train/images/train_4_640_aug_05_flip_jpg.rf.ebe2f668427136e2c62e2dcaeb890f7a.jpg,train
dataset_2,train,021453f8-test_image_30,/Users/avnisingh/delhivery-pallet-pose/data/raw/dataset_2/train/images/021453f8-test_image_30_jpg.rf.e2f517d2bba73d75c2f367f4001ae83e.jpg,train
dataset_2,train,d5212a73-test_image_21,/Users/avnisingh/delhivery-pallet-pose/data/raw/dataset_2/train/images/d5212a73-test_image_21_flipped_jpg.rf.011de50d125fcab1cda4fc12b74ca7a3.jpg,train
dataset_2,train,7ebe5641-test_image_51,/Users/avnisingh/delhivery-pallet-pose/data/raw/dataset_2/train/images/7ebe5641-test_image_51_flipped_jpg.rf.bfc3f264cfd3c3ef839194b4608fbe89.jpg,train
dataset_2,train,bb06b15e-IMG_20220927_111517,/Users/avnisingh/delhivery-pallet-pose/data/raw/dataset_2/train/images/bb06b15e-IMG_20220927_111517_flipped_jpg.rf.372642efeea46e79fc91f49db1454fc1.jpg,train
dataset_2,train,befbc945-test_image_28,/Users/avnisingh/delhivery-pallet-pose/data/raw/dataset_2/train/images/befbc945-test_image_28_flipped_jpg.rf.c59e968b084b5dd220f3547fd86f3226.jpg,train
dataset_2,train,124aaa6d-IMG_20220927_110922,/Users/avnisingh/delhivery-pallet-pose/data/raw/dataset_2/train/images/124aaa6d-IMG_20220927_110922_flipped_jpg.rf.0823cd3652a44a1d3c440898b0ab7f89.jpg,train
dataset_2,test,d8b7a545-test_image_50,/Users/avnisingh/delhivery-pallet-pose/data/raw/dataset_2/train/images/d8b7a545-test_image_50_jpg.rf.ccf60fb17cf6e33ec2e0777a17f26032.jpg,train
dataset_2,train,1729063781366,/Users/avnisingh/delhivery-pallet-pose/data/raw/dataset_2/train/images/1729063781366_jpg.rf.f12594441691c0351320c99b41ae7e5d.jpg,train
dataset_2,train,8952bed4-IMG_20220927_110750,/Users/avnisingh/delhivery-pallet-pose/data/raw/dataset_2/train/images/8952bed4-IMG_20220927_110750_jpg.rf.d0fb27cc6f135e07bdb1017ad606f979.jpg,train
dataset_2,train,1728981481029,/Users/avnisingh/delhivery-pallet-pose/data/raw/dataset_2/train/images/1728981481029_jpg.rf.ebe0c4e622ddcc55c516cff95debaf8f.jpg,train
dataset_2,train,train_2_640_aug_01,/Users/avnisingh/delhivery-pallet-pose/data/raw/dataset_2/train/images/train_2_640_aug_01_rotation_jpg.rf.4491b261518289059c44c35a9b596493.jpg,train
dataset_2,train,1248b2e8-test_image_52,/Users/avnisingh/delhivery-pallet-pose/data/raw/dataset_2/train/images/1248b2e8-test_image_52_jpg.rf.1f6997540ee39efd93ec463277cd4395.jpg,train
dataset_2,train,1729063780903,/Users/avnisingh/delhivery-pallet-pose/data/raw/dataset_2/train/images/1729063780903_jpg.rf.2c0ad22225609558b737f00753cb6fcc.jpg,train
dataset_2,train,1729063780787,/Users/avnisingh/delhivery-pallet-pose/data/raw/dataset_2/train/images/1729063780787_jpg.rf.597e3df331f5fedb24d4224c2b7a6008.jpg,train
dataset_2,test,05b13e46-IMG_20220927_164851,/Users/avnisingh/delhivery-pallet-pose/data/raw/dataset_2/train/images/05b13e46-IMG_20220927_164851_flipped_jpg.rf.766d8af76358a42fb7076962f2cbb941.jpg,train
dataset_2,train,ec20245b-IMG_20220927_110822,/Users/avnisingh/delhivery-pallet-pose/data/raw/dataset_2/train/images/ec20245b-IMG_20220927_110822_jpg.rf.68f3392575506a8bb86758418a51aca4.jpg,train
dataset_2,train,b81f463d-IMG_20220927_111110,/Users/avnisingh/delhivery-pallet-pose/data/raw/dataset_2/train/images/b81f463d-IMG_20220927_111110_flipped_jpg.rf.1b3fca6afc44a8952e0f2fef11ffbcff.jpg,train
dataset_2,test,e6f605e5-test_image_15,/Users/avnisingh/delhivery-pallet-pose/data/raw/dataset_2/train/images/e6f605e5-test_image_15_jpg.rf.13b30866dc25b56de52592e2bcce1dce.jpg,train
dataset_2,train,2f77d82f-test_image_47,/Users/avnisingh/delhivery-pallet-pose/data/raw/dataset_2/train/images/2f77d82f-test_image_47_jpg.rf.7e83484935558d2851615f95d2382949.jpg,train
dataset_2,train,20241018_153831,/Users/avnisingh/delhivery-pallet-pose/data/raw/dataset_2/train/images/20241018_153831_jpg.rf.5584167c4a99b3592bd3bda8462ed18b.jpg,train
dataset_2,test,train_1_640_aug_01,/Users/avnisingh/delhivery-pallet-pose/data/raw/dataset_2/train/images/train_1_640_aug_01_rotation_jpg.rf.470b678bd45fdb40fcee5aefc9173a95.jpg,train
dataset_2,train,cedb2676-IMG_20220927_111454,/Users/avnisingh/delhivery-pallet-pose/data/raw/dataset_2/train/images/cedb2676-IMG_20220927_111454_flipped_jpg.rf.c2cedc79660947f5c9fe3429fa18140a.jpg,train
dataset_2,val,869ffd13-test_image_61,/Users/avnisingh/delhivery-pallet-pose/data/raw/dataset_2/train/images/869ffd13-test_image_61_flipped_jpg.rf.f654a04479048425b58b186b5febec06.jpg,train
dataset_2,train,6d7262b2-IMG_20220927_164811,/Users/avnisingh/delhivery-pallet-pose/data/raw/dataset_2/train/images/6d7262b2-IMG_20220927_164811_jpg.rf.08ee9ce45cc4882ace65148d3b010522.jpg,train
dataset_2,train,3b6d7dc9-test_image_2,/Users/avnisingh/delhivery-pallet-pose/data/raw/dataset_2/train/images/3b6d7dc9-test_image_2_jpg.rf.865500a4849b6398b6183e74c2e9ab27.jpg,train
dataset_2,train,ba88ccd0-test_image_26,/Users/avnisingh/delhivery-pallet-pose/data/raw/dataset_2/train/images/ba88ccd0-test_image_26_jpg.rf.30b4009695a2bd354d6469317b026522.jpg,train
dataset_2,train,c3288085-IMG_20220927_164651,/Users/avnisingh/delhivery-pallet-pose/data/raw/dataset_2/train/images/c3288085-IMG_20220927_164651_jpg.rf.13a4a42c1d1a01f84c822824a873b798.jpg,train
dataset_2,val,c06dfa62-test_image_3,/Users/avnisingh/delhivery-pallet-pose/data/raw/dataset_2/train/images/c06dfa62-test_image_3_jpg.rf.bc50c56f9589cb1188d438fd269b2ea0.jpg,train
dataset_2,train,bc41cdad-IMG_20220927_111727,/Users/avnisingh/delhivery-pallet-pose/data/raw/dataset_2/train/images/bc41cdad-IMG_20220927_111727_flipped_jpg.rf.086b283d23c1ea7733aaa5ab7e20fa4b.jpg,train
dataset_2,val,32bb2d0a-IMG_20220927_164818,/Users/avnisingh/delhivery-pallet-pose/data/raw/dataset_2/train/images/32bb2d0a-IMG_20220927_164818_jpg.rf.5669f79c0402f9c83aa351361ca30988.jpg,train
dataset_2,train,e60526c9-IMG_20220927_164836,/Users/avnisingh/delhivery-pallet-pose/data/raw/dataset_2/train/images/e60526c9-IMG_20220927_164836_jpg.rf.4c5b715282fede9b39ea769ae9ec0e79.jpg,train
dataset_2,train,a9e30378-test_image_3,/Users/avnisingh/delhivery-pallet-pose/data/raw/dataset_2/train/images/a9e30378-test_image_3_flipped_jpg.rf.dbe98264ec31b11aeb81c3e13211c198.jpg,train
dataset_2,train,c3f99d28-test_image_57,/Users/avnisingh/delhivery-pallet-pose/data/raw/dataset_2/train/images/c3f99d28-test_image_57_flipped_jpg.rf.b901195b0548444f6283087d102f50f3.jpg,train
dataset_2,train,086c78e9-IMG_20220927_111525,/Users/avnisingh/delhivery-pallet-pose/data/raw/dataset_2/train/images/086c78e9-IMG_20220927_111525_flipped_jpg.rf.321b32a87a6047903135a7dc6255e9a0.jpg,train
dataset_2,train,07740dc5-test_image_62,/Users/avnisingh/delhivery-pallet-pose/data/raw/dataset_2/train/images/07740dc5-test_image_62_jpg.rf.b5507ae20f399bb1f4980ccf6fd3e86a.jpg,train
dataset_2,val,train_1_640_aug_09,/Users/avnisingh/delhivery-pallet-pose/data/raw/dataset_2/train/images/train_1_640_aug_09_combined_3_jpg.rf.72088d8f376657aabcec3f62ee341470.jpg,train
dataset_2,test,train_5_640_aug_02,/Users/avnisingh/delhivery-pallet-pose/data/raw/dataset_2/train/images/train_5_640_aug_02_brightness_jpg.rf.e9806997ccf9f68645875411cd58831a.jpg,train
dataset_2,train,c909cbff-test_image_5,/Users/avnisingh/delhivery-pallet-pose/data/raw/dataset_2/train/images/c909cbff-test_image_5_jpg.rf.7dfa8362eb55024e83a704e384213966.jpg,train
dataset_2,train,710b1107-IMG_20220927_111457,/Users/avnisingh/delhivery-pallet-pose/data/raw/dataset_2/train/images/710b1107-IMG_20220927_111457_jpg.rf.f39e9eb74f05e1dbfacbe249c2278106.jpg,train
dataset_2,train,242e37b9-test_image_37,/Users/avnisingh/delhivery-pallet-pose/data/raw/dataset_2/train/images/242e37b9-test_image_37_jpg.rf.307962fe998502ee8ebdecbc7505ce1e.jpg,train
dataset_2,train,1728981480902,/Users/avnisingh/delhivery-pallet-pose/data/raw/dataset_2/train/images/1728981480902_jpg.rf.c1ca073fd853f8e7f8c6108bbe2b0831.jpg,train
dataset_2,train,train_5_0_640,/Users/avnisingh/delhivery-pallet-pose/data/raw/dataset_2/train/images/train_5_0_640_jpg.rf.c96acfa23841f6259ab07bb9ce378e8b.jpg,train
dataset_2,train,train_5_640_aug_10,/Users/avnisingh/delhivery-pallet-pose/data/raw/dataset_2/train/images/train_5_640_aug_10_combined_4_jpg.rf.c4d8f315e1cd7e5d4922a9adb78a9b12.jpg,train
dataset_2,train,4dbed80f-test_image_52,/Users/avnisingh/delhivery-pallet-pose/data/raw/dataset_2/train/images/4dbed80f-test_image_52_flipped_jpg.rf.86a5414b151f9a6683a468449d238f92.jpg,train
dataset_2,test,48d2499d-test_image_41,/Users/avnisingh/delhivery-pallet-pose/data/raw/dataset_2/train/images/48d2499d-test_image_41_jpg.rf.965139c956521dfa10a1a0d2ee5a9916.jpg,train
dataset_2,train,e3e94878-IMG_20220927_164818,/Users/avnisingh/delhivery-pallet-pose/data/raw/dataset_2/train/images/e3e94878-IMG_20220927_164818_flipped_jpg.rf.6efe0dfae5891d06968f6d9f807311ff.jpg,train
dataset_2,train,aa74e27f-IMG_20220927_111648,/Users/avnisingh/delhivery-pallet-pose/data/raw/dataset_2/train/images/aa74e27f-IMG_20220927_111648_flipped_jpg.rf.6c5cc9fcc79764d7550a892b67b6e325.jpg,train
dataset_2,val,152d2b8e-IMG_20220927_111032,/Users/avnisingh/delhivery-pallet-pose/data/raw/dataset_2/train/images/152d2b8e-IMG_20220927_111032_flipped_jpg.rf.87e4f0e0ebb9d1e28e14c689c673e8b9.jpg,train
dataset_2,train,8ea041b2-test_image_12,/Users/avnisingh/delhivery-pallet-pose/data/raw/dataset_2/train/images/8ea041b2-test_image_12_jpg.rf.dd1795e0e50191cb1d1cccb24061dd3c.jpg,train
dataset_2,test,1728981481019,/Users/avnisingh/delhivery-pallet-pose/data/raw/dataset_2/train/images/1728981481019_jpg.rf.ce90a5aca2f31e4d09f901babe098118.jpg,train
dataset_2,train,4bd69ec9-test_image_65,/Users/avnisingh/delhivery-pallet-pose/data/raw/dataset_2/train/images/4bd69ec9-test_image_65_jpg.rf.b9fb7d2f6d7c796ec6d68e8867af941c.jpg,train
dataset_2,train,9985c2f9-IMG_20220927_111707,/Users/avnisingh/delhivery-pallet-pose/data/raw/dataset_2/train/images/9985c2f9-IMG_20220927_111707_flipped_jpg.rf.cc990f261b3b5f21f421044b99efc318.jpg,train
dataset_2,train,39ef0b02-test_image_39,/Users/avnisingh/delhivery-pallet-pose/data/raw/dataset_2/train/images/39ef0b02-test_image_39_jpg.rf.fb65b8b9125abba0df811a73de4958a4.jpg,train
dataset_2,train,4e686944-IMG_20220927_111204,/Users/avnisingh/delhivery-pallet-pose/data/raw/dataset_2/train/images/4e686944-IMG_20220927_111204_flipped_jpg.rf.de2735a0c8c344b1d7970cc0e8a3bfb0.jpg,train
dataset_2,val,train_1_640_aug_02,/Users/avnisingh/delhivery-pallet-pose/data/raw/dataset_2/train/images/train_1_640_aug_02_brightness_jpg.rf.9c2699d4344f9031724f984977732875.jpg,train
dataset_2,train,131d6822-test_image_4,/Users/avnisingh/delhivery-pallet-pose/data/raw/dataset_2/train/images/131d6822-test_image_4_jpg.rf.d3426fb14368c0ea45f5e0947425bdb9.jpg,train
dataset_2,train,0f4abd8d-test_image_54,/Users/avnisingh/delhivery-pallet-pose/data/raw/dataset_2/train/images/0f4abd8d-test_image_54_flipped_jpg.rf.31c562f4c288cc21f7472d0846722019.jpg,train
dataset_2,train,654f7a3e-test_image_31,/Users/avnisingh/delhivery-pallet-pose/data/raw/dataset_2/train/images/654f7a3e-test_image_31_jpg.rf.74b35105001837bda7adbf16e7739088.jpg,train
dataset_2,val,13aa947b-IMG_20220927_111228,/Users/avnisingh/delhivery-pallet-pose/data/raw/dataset_2/train/images/13aa947b-IMG_20220927_111228_jpg.rf.d94a9716c7f9d3b4e2314c43e568f0cf.jpg,train
dataset_2,val,32fe7fa0-IMG_20220927_111507,/Users/avnisingh/delhivery-pallet-pose/data/raw/dataset_2/train/images/32fe7fa0-IMG_20220927_111507_flipped_jpg.rf.992a16262492d6fe88beb4392d961ba5.jpg,train
dataset_2,test,f5c2b746-IMG_20220927_164844,/Users/avnisingh/delhivery-pallet-pose/data/raw/dataset_2/train/images/f5c2b746-IMG_20220927_164844_flipped_jpg.rf.02400b6850126935e66b40a6304dfa74.jpg,train
dataset_2,train,e82a2876-IMG_20220927_111515,/Users/avnisingh/delhivery-pallet-pose/data/raw/dataset_2/train/images/e82a2876-IMG_20220927_111515_jpg.rf.57e8048395331e71af4a57dab33741ad.jpg,train
dataset_2,val,e563fc36-test_image_59,/Users/avnisingh/delhivery-pallet-pose/data/raw/dataset_2/train/images/e563fc36-test_image_59_jpg.rf.3f6b7e7199f0173cefcaaf1639891bb4.jpg,train
dataset_2,val,1729063780393,/Users/avnisingh/delhivery-pallet-pose/data/raw/dataset_2/train/images/1729063780393_jpg.rf.2899bfd66951f9acf3f27c49992207c9.jpg,train
dataset_2,train,train_5_640_aug_07,/Users/avnisingh/delhivery-pallet-pose/data/raw/dataset_2/train/images/train_5_640_aug_07_combined_1_jpg.rf.0d641234f99766de78240488b3512c69.jpg,train
dataset_2,train,6e4bf0c9-IMG_20220927_111503,/Users/avnisingh/delhivery-pallet-pose/data/raw/dataset_2/train/images/6e4bf0c9-IMG_20220927_111503_jpg.rf.d86f234377e20d373bd776409b92f2ae.jpg,train
dataset_2,train,20241018_153923,/Users/avnisingh/delhivery-pallet-pose/data/raw/dataset_2/train/images/20241018_153923_jpg.rf.05176a72fdea1d99b7dccae383259b50.jpg,train
dataset_2,train,0f777731-test_image_80,/Users/avnisingh/delhivery-pallet-pose/data/raw/dataset_2/train/images/0f777731-test_image_80_jpg.rf.5defd87417ecb77e3a35dbd62257cc22.jpg,train
dataset_2,train,1729063781146,/Users/avnisingh/delhivery-pallet-pose/data/raw/dataset_2/train/images/1729063781146_jpg.rf.f7a6a3f7febcc2c226dbbaf632e5974c.jpg,train
dataset_2,val,train_4_640_aug_03,/Users/avnisingh/delhivery-pallet-pose/data/raw/dataset_2/train/images/train_4_640_aug_03_noise_jpg.rf.fbe39ea5351bc31ea4233c9020dcad34.jpg,train
dataset_2,train,8eda3291-IMG_20220927_111046,/Users/avnisingh/delhivery-pallet-pose/data/raw/dataset_2/train/images/8eda3291-IMG_20220927_111046_jpg.rf.f81d47fe4c65a03d0985fdc3dd4fb601.jpg,train
dataset_2,train,90ac2bd2-IMG_20220927_110741,/Users/avnisingh/delhivery-pallet-pose/data/raw/dataset_2/train/images/90ac2bd2-IMG_20220927_110741_flipped_jpg.rf.661a3cbdb3b138ff6b3f297501d900c4.jpg,train
dataset_2,train,60d34601-IMG_20220927_111115,/Users/avnisingh/delhivery-pallet-pose/data/raw/dataset_2/train/images/60d34601-IMG_20220927_111115_jpg.rf.4aef4c4a1c691292178845daa2169a4c.jpg,train
dataset_2,val,61537df5-IMG_20220927_110750,/Users/avnisingh/delhivery-pallet-pose/data/raw/dataset_2/train/images/61537df5-IMG_20220927_110750_flipped_jpg.rf.312e7b2052df3bd0c3416e46540d8df0.jpg,train
dataset_2,val,e0d06f16-IMG_20220927_111457,/Users/avnisingh/delhivery-pallet-pose/data/raw/dataset_2/train/images/e0d06f16-IMG_20220927_111457_flipped_jpg.rf.dc34b798af748b523f6d65499c7ebe0d.jpg,train
dataset_2,val,f055ebcf-IMG_20220927_111655,/Users/avnisingh/delhivery-pallet-pose/data/raw/dataset_2/train/images/f055ebcf-IMG_20220927_111655_flipped_jpg.rf.061db1b3843129ebac40285381937a3a.jpg,train
dataset_2,train,b8c93401-IMG_20220927_110906,/Users/avnisingh/delhivery-pallet-pose/data/raw/dataset_2/train/images/b8c93401-IMG_20220927_110906_flipped_jpg.rf.9e77b4333c65518255af716e2afc3e2e.jpg,train
dataset_2,train,1728981481001,/Users/avnisingh/delhivery-pallet-pose/data/raw/dataset_2/train/images/1728981481001_jpg.rf.09d87a5d21bb0a4d97974400ee374b9b.jpg,train
dataset_2,train,1729063781096,/Users/avnisingh/delhivery-pallet-pose/data/raw/dataset_2/train/images/1729063781096_jpg.rf.de13afbe41a01d03cd9b14ac97d0a184.jpg,train
dataset_2,train,7e7b0079-test_image_70,/Users/avnisingh/delhivery-pallet-pose/data/raw/dataset_2/train/images/7e7b0079-test_image_70_flipped_jpg.rf.6d436a9efc67221208eb80bd80fe9655.jpg,train
dataset_2,train,c9a83cd2-IMG_20220927_164840,/Users/avnisingh/delhivery-pallet-pose/data/raw/dataset_2/train/images/c9a83cd2-IMG_20220927_164840_flipped_jpg.rf.447bdb095951090c84c882784dc084b9.jpg,train
dataset_2,test,a6a48862-test_image_67,/Users/avnisingh/delhivery-pallet-pose/data/raw/dataset_2/train/images/a6a48862-test_image_67_flipped_jpg.rf.1428455cd9c9172057619ae351d254d3.jpg,train
dataset_2,train,62783037-IMG_20220927_111529,/Users/avnisingh/delhivery-pallet-pose/data/raw/dataset_2/train/images/62783037-IMG_20220927_111529_jpg.rf.7720832df92913d84e592db6dc1e43d6.jpg,train
dataset_2,train,1096216d-test_image_29,/Users/avnisingh/delhivery-pallet-pose/data/raw/dataset_2/train/images/1096216d-test_image_29_jpg.rf.771a4cf2619fdde824ddbc7fb3672946.jpg,train
dataset_2,train,aa04fceb-test_image_5,/Users/avnisingh/delhivery-pallet-pose/data/raw/dataset_2/train/images/aa04fceb-test_image_5_flipped_jpg.rf.33fa38f91d14f06d5a56d4189de9cb03.jpg,train
dataset_2,train,3684d951-IMG_20220927_110828,/Users/avnisingh/delhivery-pallet-pose/data/raw/dataset_2/train/images/3684d951-IMG_20220927_110828_flipped_jpg.rf.980189fc606d0faaa2072a6dbd05c400.jpg,train
dataset_2,train,1728981481012,/Users/avnisingh/delhivery-pallet-pose/data/raw/dataset_2/train/images/1728981481012_jpg.rf.8ef44f573e23ec0d3f2f4edd29426fb5.jpg,train
dataset_2,train,train_2_640_aug_10,/Users/avnisingh/delhivery-pallet-pose/data/raw/dataset_2/train/images/train_2_640_aug_10_combined_4_jpg.rf.831e079f78fe3c7d935b7743f650942e.jpg,train
dataset_2,train,32b256b8-IMG_20220927_110733,/Users/avnisingh/delhivery-pallet-pose/data/raw/dataset_2/train/images/32b256b8-IMG_20220927_110733_jpg.rf.f95a0a3b684ae4dcfbd5c7a550c047bf.jpg,train
dataset_2,train,e9d2574a-IMG_20220927_111101,/Users/avnisingh/delhivery-pallet-pose/data/raw/dataset_2/train/images/e9d2574a-IMG_20220927_111101_flipped_jpg.rf.67e3698e4d5f43078009af1582c2f5aa.jpg,train
dataset_2,train,ab1db58e-test_image_16,/Users/avnisingh/delhivery-pallet-pose/data/raw/dataset_2/train/images/ab1db58e-test_image_16_flipped_jpg.rf.521c2fccffbff8f67a5aee8149682349.jpg,train
dataset_2,train,342d1c7e-IMG_20220927_111105,/Users/avnisingh/delhivery-pallet-pose/data/raw/dataset_2/train/images/342d1c7e-IMG_20220927_111105_flipped_jpg.rf.8c6e855f9b1119ba3641da0ccb55d871.jpg,train
dataset_2,train,1729063780861,/Users/avnisingh/delhivery-pallet-pose/data/raw/dataset_2/train/images/1729063780861_jpg.rf.8c8fcacb7c28ca02c1868ebb9f80a76c.jpg,train
dataset_2,train,8540df67-IMG_20220927_111653,/Users/avnisingh/delhivery-pallet-pose/data/raw/dataset_2/train/images/8540df67-IMG_20220927_111653_jpg.rf.34e5914524405a635d10b8a0cff9f1dd.jpg,train
dataset_2,train,104a2aed-IMG_20220927_110828,/Users/avnisingh/delhivery-pallet-pose/data/raw/dataset_2/train/images/104a2aed-IMG_20220927_110828_jpg.rf.3a778bbcd6f467f9cac13952ffe35574.jpg,train
dataset_2,train,e3782b76-test_image_9,/Users/avnisingh/delhivery-pallet-pose/data/raw/dataset_2/train/images/e3782b76-test_image_9_jpg.rf.6c5167994efd0bef3b8a575392ccccf0.jpg,train
dataset_2,train,1728981480938,/Users/avnisingh/delhivery-pallet-pose/data/raw/dataset_2/valid/images/1728981480938_jpg.rf.67d35420e06ebc3aea04ed9b848f8ae1.jpg,valid
dataset_2,test,7da0c4a9-IMG_20220927_110737,/Users/avnisingh/delhivery-pallet-pose/data/raw/dataset_2/valid/images/7da0c4a9-IMG_20220927_110737_jpg.rf.47c33ef4fa74c28fb8f4d959233e7121.jpg,valid
dataset_2,train,b487d132-test_image_13,/Users/avnisingh/delhivery-pallet-pose/data/raw/dataset_2/valid/images/b487d132-test_image_13_jpg.rf.12863ac3dfc4bf85aad0012b663b6e12.jpg,valid
dataset_2,test,5484642e-test_image_82,/Users/avnisingh/delhivery-pallet-pose/data/raw/dataset_2/valid/images/5484642e-test_image_82_jpg.rf.6b163c26a0e0c184c8e1c367b2a3dc7a.jpg,valid
dataset_2,train,af3f4ca0-IMG_20220927_111041,/Users/avnisingh/delhivery-pallet-pose/data/raw/dataset_2/valid/images/af3f4ca0-IMG_20220927_111041_flipped_jpg.rf.ee4f2767b3baae1c8a866112a7ca8c7f.jpg,valid
dataset_2,train,96df48b6-IMG_20220927_111121,/Users/avnisingh/delhivery-pallet-pose/data/raw/dataset_2/valid/images/96df48b6-IMG_20220927_111121_flipped_jpg.rf.ceff49467dada7ea83685000eacb5135.jpg,valid
dataset_2,train,f480d868-IMG_20220927_111454,/Users/avnisingh/delhivery-pallet-pose/data/raw/dataset_2/valid/images/f480d868-IMG_20220927_111454_jpg.rf.26510076cf6beef2c8d0bc9e674688cb.jpg,valid
dataset_2,train,17edcdc7-IMG_20220927_110746,/Users/avnisingh/delhivery-pallet-pose/data/raw/dataset_2/valid/images/17edcdc7-IMG_20220927_110746_flipped_jpg.rf.58ab6b39f28dd32ad22125b841d92749.jpg,valid
dataset_2,val,train_5_640_aug_04,/Users/avnisingh/delhivery-pallet-pose/data/raw/dataset_2/valid/images/train_5_640_aug_04_blur_jpg.rf.b348f75a9817c15e9ebd33b763b763d7.jpg,valid
dataset_2,train,1729063780999,/Users/avnisingh/delhivery-pallet-pose/data/raw/dataset_2/valid/images/1729063780999_jpg.rf.ccf3863eacc6d65004dc9402173f64c0.jpg,valid
dataset_2,train,1729063780824,/Users/avnisingh/delhivery-pallet-pose/data/raw/dataset_2/valid/images/1729063780824_jpg.rf.5a8f872c0cef3241785bc036a96622e5.jpg,valid
dataset_2,train,592ca239-test_image_79,/Users/avnisingh/delhivery-pallet-pose/data/raw/dataset_2/valid/images/592ca239-test_image_79_jpg.rf.a770a2b3c504e704bada7aa097e8dcb4.jpg,valid
dataset_2,train,bd8d0c4c-test_image_67,/Users/avnisingh/delhivery-pallet-pose/data/raw/dataset_2/valid/images/bd8d0c4c-test_image_67_jpg.rf.465a28b11c56ce806afa6d55d485ad84.jpg,valid
dataset_2,train,train_2_640_aug_05,/Users/avnisingh/delhivery-pallet-pose/data/raw/dataset_2/valid/images/train_2_640_aug_05_flip_jpg.rf.e2ae2c7c7fab6e5b104faf2d0218e79c.jpg,valid
dataset_2,train,train_3_640_aug_06,/Users/avnisingh/delhivery-pallet-pose/data/raw/dataset_2/valid/images/train_3_640_aug_06_crop_jpg.rf.86cb58e9c0b54dcbf3664d13c4a348cb.jpg,valid
dataset_2,val,fc76d025-IMG_20220927_164838,/Users/avnisingh/delhivery-pallet-pose/data/raw/dataset_2/valid/images/fc76d025-IMG_20220927_164838_jpg.rf.6a9dacd81c480e093109c81ebcdb82ef.jpg,valid
dataset_2,train,train_4_640_aug_09,/Users/avnisingh/delhivery-pallet-pose/data/raw/dataset_2/valid/images/train_4_640_aug_09_combined_3_jpg.rf.1b54b66e43f46bb1e964562e41e6853e.jpg,valid
dataset_2,train,b98a6438-IMG_20220927_164656,/Users/avnisingh/delhivery-pallet-pose/data/raw/dataset_2/valid/images/b98a6438-IMG_20220927_164656_jpg.rf.6cd980f8cd42edd5af145ac32397b5ee.jpg,valid
dataset_2,train,train_2_640_aug_06,/Users/avnisingh/delhivery-pallet-pose/data/raw/dataset_2/valid/images/train_2_640_aug_06_crop_jpg.rf.c30ac8eea8c6112f510b6c3e0cfacc2e.jpg,valid
dataset_2,test,20241018_153924,/Users/avnisingh/delhivery-pallet-pose/data/raw/dataset_2/valid/images/20241018_153924_jpg.rf.4d20d4c9d1de3d3d062e9009dc8426b3.jpg,valid
dataset_2,train,aa4288d7-test_image_32,/Users/avnisingh/delhivery-pallet-pose/data/raw/dataset_2/valid/images/aa4288d7-test_image_32_jpg.rf.2460ae4e43157ad5c1ccc6e1208eada6.jpg,valid
dataset_2,train,977c824e-IMG_20220927_111701,/Users/avnisingh/delhivery-pallet-pose/data/raw/dataset_2/valid/images/977c824e-IMG_20220927_111701_flipped_jpg.rf.e2a86524a42e9835197a7c49e910c9de.jpg,valid
dataset_2,train,train_2_0_640,/Users/avnisingh/delhivery-pallet-pose/data/raw/dataset_2/valid/images/train_2_0_640_jpg.rf.ceac780a7cea2f02500dbf9c0724fa55.jpg,valid
dataset_2,val,train_4_640_aug_07,/Users/avnisingh/delhivery-pallet-pose/data/raw/dataset_2/valid/images/train_4_640_aug_07_combined_1_jpg.rf.fa316862c0e4a588ee0c898a30109dde.jpg,valid
dataset_2,train,3eb38764-IMG_20220927_164647,/Users/avnisingh/delhivery-pallet-pose/data/raw/dataset_2/valid/images/3eb38764-IMG_20220927_164647_flipped_jpg.rf.3a3d5f2d8a7b3714bc8823b27527a34b.jpg,valid
dataset_2,test,717f7ff5-IMG_20220927_164857,/Users/avnisingh/delhivery-pallet-pose/data/raw/dataset_2/valid/images/717f7ff5-IMG_20220927_164857_flipped_jpg.rf.9ef9c1f2cdf2c6ba5b03dc2b34bab7a8.jpg,valid
dataset_2,train,1729063780537,/Users/avnisingh/delhivery-pallet-pose/data/raw/dataset_2/valid/images/1729063780537_jpg.rf.173714dd7d00fa3811f015602c7e4cf0.jpg,valid
dataset_2,train,1729063780725,/Users/avnisingh/delhivery-pallet-pose/data/raw/dataset_2/valid/images/1729063780725_jpg.rf.1a79385bfcbad1c43e5e70657d6016de.jpg,valid
dataset_2,val,1000001797,/Users/avnisingh/delhivery-pallet-pose/data/raw/dataset_2/valid/images/1000001797_jpg.rf.1c9e0e7c92554df6efe4c5ec76488933.jpg,valid
dataset_2,train,cb301786-test_image_50,/Users/avnisingh/delhivery-pallet-pose/data/raw/dataset_2/valid/images/cb301786-test_image_50_flipped_jpg.rf.81bb44f7e562cb39645ebe89f220ba13.jpg,valid
dataset_2,train,1729063781485,/Users/avnisingh/delhivery-pallet-pose/data/raw/dataset_2/valid/images/1729063781485_jpg.rf.a0553de75df0b8e1d4cf3e3610286de6.jpg,valid
dataset_2,train,train_1_640_aug_05,/Users/avnisingh/delhivery-pallet-pose/data/raw/dataset_2/valid/images/train_1_640_aug_05_flip_jpg.rf.d027c7e8fd2fb358523983fae51598c2.jpg,valid
dataset_2,train,109cfe24-test_image_45,/Users/avnisingh/delhivery-pallet-pose/data/raw/dataset_2/valid/images/109cfe24-test_image_45_jpg.rf.059aeffb3835075525faf85925cd0bb0.jpg,valid
dataset_2,train,train_5_640_aug_01,/Users/avnisingh/delhivery-pallet-pose/data/raw/dataset_2/valid/images/train_5_640_aug_01_rotation_jpg.rf.34941ffb6f6879697b83a1be5879e29f.jpg,valid
dataset_2,train,1729063781040,/Users/avnisingh/delhivery-pallet-pose/data/raw/dataset_2/valid/images/1729063781040_jpg.rf.a4e060a9ac85182482095b93b8d68396.jpg,valid
dataset_2,val,ed3e14f5-IMG_20220927_111041,/Users/avnisingh/delhivery-pallet-pose/data/raw/dataset_2/valid/images/ed3e14f5-IMG_20220927_111041_jpg.rf.4a693b2d4a1072af1f4463a4b76fa5d1.jpg,valid
dataset_2,val,bf2c3738-IMG_20220927_110926,/Users/avnisingh/delhivery-pallet-pose/data/raw/dataset_2/valid/images/bf2c3738-IMG_20220927_110926_jpg.rf.176587a15899f19c90fa6cd8809c8afe.jpg,valid
dataset_2,val,87885cc1-1664350647327,/Users/avnisingh/delhivery-pallet-pose/data/raw/dataset_2/valid/images/87885cc1-1664350647327_flipped_jpg.rf.792bcb3c0d92b19a8a1b2497d607e7b7.jpg,valid
dataset_2,test,train_4_640_original,/Users/avnisingh/delhivery-pallet-pose/data/raw/dataset_2/valid/images/train_4_640_original_jpg.rf.ae723765efd49a767bb016b93cf1508b.jpg,valid
dataset_2,train,1729063780758,/Users/avnisingh/delhivery-pallet-pose/data/raw/dataset_2/valid/images/1729063780758_jpg.rf.098d824a7f30871a6921d2759bcb85e6.jpg,valid
dataset_2,val,c4429012-IMG_20220927_110733,/Users/avnisingh/delhivery-pallet-pose/data/raw/dataset_2/valid/images/c4429012-IMG_20220927_110733_flipped_jpg.rf.0e6c4362a3f78b8f1176d8609dd13088.jpg,valid
dataset_2,train,train_2_640_aug_02,/Users/avnisingh/delhivery-pallet-pose/data/raw/dataset_2/valid/images/train_2_640_aug_02_brightness_jpg.rf.cc019b50d36f785bd17a964ada368538.jpg,valid
dataset_2,test,1729063780647,/Users/avnisingh/delhivery-pallet-pose/data/raw/dataset_2/valid/images/1729063780647_jpg.rf.94e656170153e94a961476e3fe59bb3d.jpg,valid
dataset_2,train,40b7b28c-test_image_80,/Users/avnisingh/delhivery-pallet-pose/data/raw/dataset_2/valid/images/40b7b28c-test_image_80_flipped_jpg.rf.fdcea4e7b3e02b3c827ff55bf31ed72d.jpg,valid
dataset_2,val,train_4_640_aug_01,/Users/avnisingh/delhivery-pallet-pose/data/raw/dataset_2/valid/images/train_4_640_aug_01_rotation_jpg.rf.dd7ac765e87d364df14e4c059d24f1aa.jpg,valid
dataset_2,train,6392,/Users/avnisingh/delhivery-pallet-pose/data/raw/dataset_2/valid/images/6392_jpg.rf.d4b027286f4074b83993e84f2cb8d552.jpg,valid
dataset_2,test,356cad67-test_image_74,/Users/avnisingh/delhivery-pallet-pose/data/raw/dataset_2/valid/images/356cad67-test_image_74_jpg.rf.fdecedb2f22457dd089c9a61a20e9360.jpg,valid
dataset_2,train,1729063781465,/Users/avnisingh/delhivery-pallet-pose/data/raw/dataset_2/valid/images/1729063781465_jpg.rf.db2e25c680f652a4dd15a5619918627a.jpg,valid
dataset_2,test,train_2_640_original,/Users/avnisingh/delhivery-pallet-pose/data/raw/dataset_2/valid/images/train_2_640_original_jpg.rf.4a5419db2d1fca1d1fd0eaf8c057b593.jpg,valid
dataset_2,test,9f2565c5-IMG_20220927_111523,/Users/avnisingh/delhivery-pallet-pose/data/raw/dataset_2/valid/images/9f2565c5-IMG_20220927_111523_jpg.rf.1f97598a683468e5a30da689d8620991.jpg,valid
dataset_2,train,c4f449d2-IMG_20220927_110737,/Users/avnisingh/delhivery-pallet-pose/data/raw/dataset_2/valid/images/c4f449d2-IMG_20220927_110737_flipped_jpg.rf.5db7a883628deeb7f7fb2b6df4479f4b.jpg,valid
dataset_2,train,fc01d3af-IMG_20220927_164902,/Users/avnisingh/delhivery-pallet-pose/data/raw/dataset_2/valid/images/fc01d3af-IMG_20220927_164902_flipped_jpg.rf.084b4c2fb646ce21ac5084710c189951.jpg,valid
dataset_2,train,935d52d5-IMG_20220927_111659,/Users/avnisingh/delhivery-pallet-pose/data/raw/dataset_2/valid/images/935d52d5-IMG_20220927_111659_flipped_jpg.rf.73833132a710055abb66e191501de315.jpg,valid
dataset_2,train,37126bc5-test_image_53,/Users/avnisingh/delhivery-pallet-pose/data/raw/dataset_2/valid/images/37126bc5-test_image_53_jpg.rf.b31d5231267430639ca2bf6ecbd17f12.jpg,valid
dataset_2,train,6161b459-test_image_25,/Users/avnisingh/delhivery-pallet-pose/data/raw/dataset_2/valid/images/6161b459-test_image_25_jpg.rf.2fc19f5988469a7248dfdd7242785c59.jpg,valid
dataset_2,test,1729063781276,/Users/avnisingh/delhivery-pallet-pose/data/raw/dataset_2/valid/images/1729063781276_jpg.rf.3debc8cd6d9b72033b6e9dc5c022ba30.jpg,valid
dataset_2,train,0b1c95db-IMG_20220927_111722,/Users/avnisingh/delhivery-pallet-pose/data/raw/dataset_2/test/images/0b1c95db-IMG_20220927_111722_jpg.rf.b66b5442044dd177f55ea0d2e5d1b3ff.jpg,test
dataset_2,train,2b54f996-IMG_20220927_111043,/Users/avnisingh/delhivery-pallet-pose/data/raw/dataset_2/test/images/2b54f996-IMG_20220927_111043_flipped_jpg.rf.3832d8d1dafd71443800e25afff55b1d.jpg,test
dataset_2,train,d9b6d116-test_image_48,/Users/avnisingh/delhivery-pallet-pose/data/raw/dataset_2/test/images/d9b6d116-test_image_48_jpg.rf.3f693209f1171aeff6b94322d53bc49f.jpg,test
dataset_2,train,41e3d97d-IMG_20220927_110822,/Users/avnisingh/delhivery-pallet-pose/data/raw/dataset_2/test/images/41e3d97d-IMG_20220927_110822_flipped_jpg.rf.b493b6e97f615d5c442913ee13fc7754.jpg,test
dataset_2,test,432062c1-IMG_20220927_111048,/Users/avnisingh/delhivery-pallet-pose/data/raw/dataset_2/test/images/432062c1-IMG_20220927_111048_jpg.rf.8a81f5ae19f47eece77eb1993e1fd47f.jpg,test
dataset_2,train,train_3_640_aug_05,/Users/avnisingh/delhivery-pallet-pose/data/raw/dataset_2/test/images/train_3_640_aug_05_flip_jpg.rf.c3172424eaf82be6caa29f99f8e43bc2.jpg,test
dataset_2,train,2637278f-IMG_20220927_111121,/Users/avnisingh/delhivery-pallet-pose/data/raw/dataset_2/test/images/2637278f-IMG_20220927_111121_jpg.rf.f7a487728cc76a740bfe879eaa39449c.jpg,test
dataset_2,train,train_4_640_aug_06,/Users/avnisingh/delhivery-pallet-pose/data/raw/dataset_2/test/images/train_4_640_aug_06_crop_jpg.rf.2674ff7356196268bb73065f7eb7a9bd.jpg,test
dataset_2,train,388f7776-IMG_20220927_111517,/Users/avnisingh/delhivery-pallet-pose/data/raw/dataset_2/test/images/388f7776-IMG_20220927_111517_jpg.rf.dd03a432f012319c84e25be1b95491f4.jpg,test
dataset_2,test,91c71ad9-IMG_20220927_164702,/Users/avnisingh/delhivery-pallet-pose/data/raw/dataset_2/test/images/91c71ad9-IMG_20220927_164702_flipped_jpg.rf.64ed397bdadf05b4e77256d8e65bcdfb.jpg,test
dataset_2,train,train_2_640_aug_09,/Users/avnisingh/delhivery-pallet-pose/data/raw/dataset_2/test/images/train_2_640_aug_09_combined_3_jpg.rf.1115c988bcc510a5c169a5dab87cac33.jpg,test
dataset_2,train,a337b01b-IMG_20220927_111533,/Users/avnisingh/delhivery-pallet-pose/data/raw/dataset_2/test/images/a337b01b-IMG_20220927_111533_jpg.rf.b6869c715efcbf31a9fd36414cb990c5.jpg,test
dataset_2,test,4a5e0d5a-IMG_20220927_164855,/Users/avnisingh/delhivery-pallet-pose/data/raw/dataset_2/test/images/4a5e0d5a-IMG_20220927_164855_jpg.rf.d2b9a0d76e24fd7bd5a525306c021aa8.jpg,test
dataset_2,train,ac362607-IMG_20220927_111450,/Users/avnisingh/delhivery-pallet-pose/data/raw/dataset_2/test/images/ac362607-IMG_20220927_111450_flipped_jpg.rf.1f32bc92cf7551195453bdac90c1e2e0.jpg,test
dataset_2,train,train_3_640_aug_07,/Users/avnisingh/delhivery-pallet-pose/data/raw/dataset_2/test/images/train_3_640_aug_07_combined_1_jpg.rf.d010a5efad7d4593e82847e869a8bd36.jpg,test
dataset_2,train,08f9b8c1-IMG_20220927_111232,/Users/avnisingh/delhivery-pallet-pose/data/raw/dataset_2/test/images/08f9b8c1-IMG_20220927_111232_jpg.rf.af77fe384c5d97f14036addad147ef75.jpg,test
dataset_2,test,train_5_640_aug_03,/Users/avnisingh/delhivery-pallet-pose/data/raw/dataset_2/test/images/train_5_640_aug_03_noise_jpg.rf.f8b03428619d93dda4a161cede49823a.jpg,test
dataset_2,train,ae173062-test_image_39,/Users/avnisingh/delhivery-pallet-pose/data/raw/dataset_2/test/images/ae173062-test_image_39_flipped_jpg.rf.6be0cb7c2abf65bd73642159aec4042f.jpg,test
dataset_2,val,a4e87323-IMG_20220927_164838,/Users/avnisingh/delhivery-pallet-pose/data/raw/dataset_2/test/images/a4e87323-IMG_20220927_164838_flipped_jpg.rf.be5e9bc84a10ae4ed07d1a769c92097f.jpg,test
dataset_2,val,9513b3ae-IMG_20220927_164643,/Users/avnisingh/delhivery-pallet-pose/data/raw/dataset_2/test/images/9513b3ae-IMG_20220927_164643_flipped_jpg.rf.e5152e133610a32156a67d023d6089ef.jpg,test
dataset_2,train,a06e7caa-IMG_20220927_164832,/Users/avnisingh/delhivery-pallet-pose/data/raw/dataset_2/test/images/a06e7caa-IMG_20220927_164832_flipped_jpg.rf.422e7f64730211214186d643693cf16d.jpg,test
dataset_2,train,6f12a8a5-test_image_12,/Users/avnisingh/delhivery-pallet-pose/data/raw/dataset_2/test/images/6f12a8a5-test_image_12_flipped_jpg.rf.b0a2f25fb770822fdc4489582687d9ed.jpg,test
dataset_2,test,0a0544f0-IMG_20220927_111224,/Users/avnisingh/delhivery-pallet-pose/data/raw/dataset_2/test/images/0a0544f0-IMG_20220927_111224_jpg.rf.e878b29273a5339c2d23d9ab6d835fae.jpg,test
dataset_2,train,062f4ce5-test_image_72,/Users/avnisingh/delhivery-pallet-pose/data/raw/dataset_2/test/images/062f4ce5-test_image_72_jpg.rf.1ec90a5b3f0479c438c6dbcc13864b5b.jpg,test
dataset_2,val,a367ddf8-IMG_20220927_111222,/Users/avnisingh/delhivery-pallet-pose/data/raw/dataset_2/test/images/a367ddf8-IMG_20220927_111222_flipped_jpg.rf.17851cee7089b227ce53b620a50c96e1.jpg,test
dataset_2,val,42633e86-test_image_33,/Users/avnisingh/delhivery-pallet-pose/data/raw/dataset_2/test/images/42633e86-test_image_33_jpg.rf.c30ccdb9436e61fc0e571728598e50c6.jpg,test
dataset_2,train,train_4_640_aug_10,/Users/avnisingh/delhivery-pallet-pose/data/raw/dataset_2/test/images/train_4_640_aug_10_combined_4_jpg.rf.a4d257a73680e93ecc2213df6e0f7100.jpg,test
dataset_2,train,6879ab63-test_image_69,/Users/avnisingh/delhivery-pallet-pose/data/raw/dataset_2/test/images/6879ab63-test_image_69_flipped_jpg.rf.2b4f5fb7b995b812d4a9ee92e31dee49.jpg,test
dataset_2,train,f70603c2-IMG_20220927_111712,/Users/avnisingh/delhivery-pallet-pose/data/raw/dataset_2/test/images/f70603c2-IMG_20220927_111712_flipped_jpg.rf.52a08fac9d01763e967cb63857d4be5f.jpg,test
dataset_2,val,c6ee14cb-IMG_20220927_111204,/Users/avnisingh/delhivery-pallet-pose/data/raw/dataset_2/test/images/c6ee14cb-IMG_20220927_111204_jpg.rf.1f251b01c424c91a8a81b4cddebd01f5.jpg,test
dataset_2,train,0bdb9144-IMG_20220927_111525,/Users/avnisingh/delhivery-pallet-pose/data/raw/dataset_2/test/images/0bdb9144-IMG_20220927_111525_jpg.rf.9dbbb4fe14b0756a3dc0abce1c4f292b.jpg,test
dataset_2,train,06827a8e-test_image_36,/Users/avnisingh/delhivery-pallet-pose/data/raw/dataset_2/test/images/06827a8e-test_image_36_jpg.rf.8fd30b6543c08f494c182b91d6c54119.jpg,test
dataset_2,test,73a60210-test_image_85,/Users/avnisingh/delhivery-pallet-pose/data/raw/dataset_2/test/images/73a60210-test_image_85_flipped_jpg.rf.a85759be4e580c554b052bb3b17de41b.jpg,test
dataset_2,train,18e64960-test_image_30,/Users/avnisingh/delhivery-pallet-pose/data/raw/dataset_2/test/images/18e64960-test_image_30_flipped_jpg.rf.47006dc951c7dee8900ebbd63b3ca394.jpg,test
dataset_2,train,9f0b22fe-IMG_20220927_164857,/Users/avnisingh/delhivery-pallet-pose/data/raw/dataset_2/test/images/9f0b22fe-IMG_20220927_164857_jpg.rf.f92d58ac911db35353b7f56d2b9fcb69.jpg,test
dataset_2,train,6393,/Users/avnisingh/delhivery-pallet-pose/data/raw/dataset_2/test/images/6393_jpg.rf.c942efa77435cac941259cc1f4c1ccb6.jpg,test
